round,counts,framing,n,id,outlet,day,where,fits,note,headline,excerpt
1,yes,svo,1,tsargrad:a4c944b39c,tsargrad,2026-09-25,headline,yes,,Военный хирург рассказал о спасении бойца СВО с оторванными руками и ногой,Военный хирург рассказал о спасении бойца [[СВО]] с оторванными руками и ногой
1,yes,svo,2,rt-ru:a22e1873d5,rt-ru,2026-09-07,headline,yes,,"Бородин призвал изымать имущество иноагентов, дискредитирующих ВС, на нужды СВО","Бородин призвал изымать имущество иноагентов, дискредитирующих ВС, на нужды [[СВО]]"
1,yes,svo,3,tass-en:3920f1fab9,tass-en,2026-09-14,text,yes,,Russia successfully deploys new UAV communications system in special op zone,"…and manufactured in Russia, has been successfully used in the [[special military operation]] in Ukraine, the press service of the developer company Sector told…"
1,yes,svo,4,rg:a0df0c07b1,rg,2026-09-09,text,yes,,"Одна на всех память. В Петербурге показали концерт-реквием ""Каждый третий""","…зрителей проекта. Среди них были, в том числе, ветераны, блокадники, участники [[СВО]] и волонтеры. Как считалось в послевоенное время, при немецко-фашистской оккупации…"
1,yes,svo,5,tsargrad:8446d6e3f5,tsargrad,2026-09-03,lead,yes,,Россия призвала эвакуироваться из Киева. ВСУ уже получили сюрприз,"Вероятно, этой осенью Украину ждут самые болезненные удары по энергетике за всё время [[спецоперации]]. На днях президент Владимир Путин подтвердил, что соответствующие указания уже даны русской армии. …"
1,yes,svo,6,rt-ru:9481b90e84,rt-ru,2026-09-02,text,yes,,«Заявка на государственный терроризм»: Путин ответил на угрозы Зеленского в адрес гражданской авиации в России,"…Владимир Путин отметил, что сейчас главный вызов в рамках проведения [[СВО]] — это «беспилотие», причём во всех средах: под водой, на море, на земле и в…"
1,yes,svo,7,ukraina:0e18b9b92f,ukraina,2026-09-02,text,yes,,Выгоднее вкладывать в войну: когда у Европы закончатся деньги на поддержку Украины,…экономической и политической плоскостях. За десять-пятнадцать лет до [[специальной военной операции]] на Украине отношения между Россией и Евросоюзом казались идеальными.…
1,yes,svo,8,vesti:d9b9a05b5a,vesti,2026-09-14,text,yes,,"""Цепи на ногах"": россияне рассказали об условиях содержания в плену в Мали","…Минобороны России. Они уже сообщили, что планируют участвовать в [[Специальной военной операции]] (СВО) РФ на Украине. Ранее также сообщалось, что правительство Нигера…"
1,yes,svo,9,rt-ru:b2f5a319e6,rt-ru,2026-09-11,text,yes,,В Москве прошла церемония награждения премией ПКР «Герои Отчизны — Герои спорта»,"…премии были определены в десяти тематических номинациях. Ими стали ветераны [[СВО]], которые добились высоких спортивных результатов на всероссийских и…"
1,yes,svo,10,ria:78df740d48,ria,2026-09-10,text,yes,,В Элисте начался крестный ход с чудотворной иконой явления Христа,"…в Элисте собору Кирилла и Мефодия. На построении прошла молитва за воинов [[СВО]] и освящение хоругви для казаков. Заявки на участие в крестном ходе, маршрут…"
1,yes,svo,11,tass-en:5622464916,tass-en,2026-09-19,text,yes,,Russian forces drawing a noose around Ukrainian troops in Kharkov area,"…press center, reported. ""While carrying out combat missions during the [[special military operation]], units of the Battlegroup North in the Kharkov region continue to draw…"
1,yes,svo,12,rg:5ae727fbc4,rg,2026-09-03,text,yes,,Путин назвал уровень рождаемости одним из главных вызовов,"…рождаемости одним из главных вызовов ""Так оно и есть, мы так к этому и относимся. [[СВО]], конечно, как-то влияет, но дело не в СВО"", - заметил президент. В пример он…"
1,yes,svo,13,life:0a933f28bd,life,2026-09-09,text,yes,,«Герани» стали быстрее и дальше: Новые дроны России добрались до рекордных 960 км,…оптоволоконные FPV-дроны «Князь Вандал Новгородский» начали применять в зоне [[спецоперации]] в августе 2024 года. С тех пор разработчики последовательно увеличивали…
1,yes,svo,14,rt-ru:9ad37de2d1,rt-ru,2026-09-02,text,yes,,Путин: Святогорск перешёл под контроль ВС России,"…Святогорск», — сказал глава государства. По словам президента, ВС России в зоне [[СВО]] наращивают темпы наступления. Ранее стало известно, что российские военные…"
1,yes,svo,15,rt-ru:297d8cb3af,rt-ru,2026-09-05,text,yes,,Путин призвал укреплять внутриполитическую ситуацию и государственность России,"…списка партии «Единая Россия». Также Путин заявил, что вопросы поддержки граждан России, принимающих участие в [[специальной военной операции]], должны решаться вовремя."
1,yes,svo,16,iz:18ac8fde2d,iz,2026-09-23,lead,yes,,Штурмовики группировки войск «Север» рассказали о боях за Малую Волчью,… сентября поделились подробностями освобождения населенного пункта Малая Волчья в Харьковской области в ходе проведения [[спецоперации]]. Соответствующее видео 23 сентября распространило Минобороны РФ.
1,yes,svo,17,aif:2e13b1dec0,aif,2026-09-19,headline,yes,,Боевики попали в особое пекло у Харькова: главная новость СВО 19 сентября,Боевики попали в особое пекло у Харькова: главная новость [[СВО]] 19 сентября
1,yes,svo,18,gazeta:0a82472dc0,gazeta,2026-09-14,headline,yes,,Депутат допустил СВО Украины против Европы,Депутат допустил [[СВО]] Украины против Европы
1,yes,svo,19,vesti:59d1a7a278,vesti,2026-09-08,headline,yes,,"РФ составит список граждан Индии в зоне СВО и отправит их домой, заявил Песков","РФ составит список граждан Индии в зоне [[СВО]] и отправит их домой, заявил Песков"
1,yes,svo,20,gazeta:f30e3d3bb9,gazeta,2026-09-08,headline,yes,,Бывший прокурор Грузии стал участником СВО на стороне РФ,Бывший прокурор Грузии стал участником [[СВО]] на стороне РФ
1,yes,svo,21,iz:a0e0850674,iz,2026-09-01,text,yes,,Эксперт назвала способы избежать сокращения на работе,"…не препятствует увольнению, сообщает 360.ru. Кроме того, с сентября участники [[СВО]], вернувшиеся на прежние рабочие места, получат преимущество при сокращении штата,…"
1,yes,svo,22,iz:88dd14ff5e,iz,2026-09-04,text,yes,,Экс-журналистку украинского СМИ из Мелитополя приговорили к 15 годам за шпионаж,"…одного из украинских СМИ в Мелитополе Л., 1961 года рождения, после начала [[СВО]] (специальной военной операции. — Ред.) не покинула пределы Запорожской области,…"
1,yes,svo,23,life:960c9f5013,life,2026-09-10,text,yes,,«Рассадник русофобии»: Почему Европейский университет Петербурга открещивается от своих беглых сотрудников,…Ивана Куриллу*. Курилла* известен своей яркой антироссийской позицией и критикой [[СВО]]. Ещё до своего увольнения он бежал в США и сейчас там что-то преподаёт. В начале…
1,yes,svo,24,iz:41f1ff829c,iz,2026-09-24,headline,yes,,Лейтенант Стрельцов из стрелкового оружия сбил несколько дронов ВСУ в зоне СВО,Лейтенант Стрельцов из стрелкового оружия сбил несколько дронов ВСУ в зоне [[СВО]]
1,yes,svo,25,aif:e6645782bd,aif,2026-09-16,headline,yes,,ВС России разъяснил порядок регистрации брака с участником СВО,ВС России разъяснил порядок регистрации брака с участником [[СВО]]
1,yes,nazism,1,vesti:4450d985bd,vesti,2026-09-22,headline,yes,,"Небензя заявил, что сейчас нацизм поднимает голову не только на Украине","Небензя заявил, что сейчас [[нацизм]] поднимает голову не только на Украине"
1,yes,nazism,2,ria:01be74a0d6,ria,2026-09-18,text,yes,,"Спасатели в ЛНР десять часов разбирали завалы, пытаясь спасти девушку",…атаковали частный дом в поселке Лиман Перевальского муниципального округа. [[Неонацисты]] ударили по спящей семье. Под завалами оказались женщина и ее 16-летняя внучка.…
1,yes,nazism,3,gazeta:88cade44c0,gazeta,2026-09-18,text,yes,,В Махачкале после удара дронов ВСУ загорелась крыша жилого дома,"…и укрыться в коридоре. Раджабова тогда подчеркивала, что потомков победителей [[нацизма]] не запугать. Ранее экс-премьер Британии и советник Мерца чуть не попали под удар…"
1,yes,nazism,4,tsargrad:0c3b71e008,tsargrad,2026-09-05,text,yes,,"День, когда даже Песков был жёсток: Тайна визита американцев в Москву","…и эти стабилизационные силы, по сути дела, сохраняют, консервируют, защищают [[неонацистский]] режим, который является единственным режимом во всём мире, запретившим целый…"
1,yes,nazism,5,aif:214de826df,aif,2026-09-19,text,yes,,Домой в гробах и по частям. Двух морпехов США ликвидировали под Добропольем,"…специализирующийся на информации о «солдатах удачи» со всего света. Воевали за [[нацистов]] По данным ресурса, Джейкоб Сэмюэл Керл с позывным Керли служил в морской пехоте…"
1,yes,nazism,6,lenta:c1b910526a,lenta,2026-09-01,lead,yes,,В России ответили на обвинения Польши в начале Второй мировой войны,"Премьер-министр Польши Дональд Туск, обвиняя СССР в начале Второй мировой войны, оправдывает [[нацизм]]. Об это заявила депутат Госдумы Светлана Журова, чьи слова приводит «Газета.ru»"
1,yes,nazism,7,iz:545c7b002c,iz,2026-09-16,text,yes,,Мединский намекнул на недолгую историю современной Украины,"…отметил, что Россия не будет мириться с тем, что власти Украины сделали [[неонацизм]] основой государственной идеологии. Он отметил, что борьба с неонацизмом,…"
1,yes,nazism,8,inosmi:f0380d610b,inosmi,2026-09-04,text,yes,,"""Мерзкая компания"" ведет Европу к гибели. Пришло время дипломатии (X, США)","…не могут они согласиться на переговоры. Потому что сразу встанет вопрос [[денацификации]] Украины, и весь Запад из ""защитника независимости"" превратится в спонсоров,…"
1,yes,nazism,9,ria:6559900acc,ria,2026-09-16,headline,yes,,"Европа хочет сохранить нацистский режим у власти на Украине, заявил Лавров","Европа хочет сохранить [[нацистский]] режим у власти на Украине, заявил Лавров"
1,yes,nazism,10,tsargrad:7653a0073c,tsargrad,2026-09-02,text,yes,,Зеленский попытался напугать Москву. Что ответил Путин,…России Дмитрий Медведев: Глава государства уже определил их как заявку [[бандеровского]] режима на государственный терроризм. С террористами переговоров не ведут и…
1,yes,nazism,11,rt-ru:7d45f3905f,rt-ru,2026-09-08,text,yes,,"Украина, европейские спекуляции и партнёрство США и РФ: о чём говорили Путин и Трамп в ходе телефонного звонка","…скрывать свою сущность, занявшись перезахоронением одних из самых главных [[нацистских]] преступников», — заявил он. В целом, добавил помощник президента, в ходе…"
1,yes,nazism,12,inosmi:d780ee6c1e,inosmi,2026-09-06,text,no,Italian politics: a party accused of reviving fascism,"Эксперты сделали неожиданное признание: ЕС не готов противостоять России (The Guardian, Великобритания)","…призванного установить, является ли его партия попыткой возрождения [[фашизма]], Ванначчи с иронией отреагировал на критику в свой адрес. ""Только что узнал, что…"
1,yes,nazism,13,iz:f17ae109e9,iz,2026-09-18,text,yes,,Путин заявил о нежелании европейцев воевать с Россией,"…отметил, что под так называемыми европейскими ценностями сегодня скрывается готовность Европы вновь оказывать поддержку [[нацизму]], это демонстрирует помощь Запада Украине."
1,yes,nazism,14,lenta:a994f747fb,lenta,2026-09-23,text,yes,,Франция допустила размещение европейских войск на Украине,"…глава МИД России Сергей Лавров отметил, что Запад хочет увековечить [[нацистский]] режим на Украине, на это желание указывает стремление западных стран ввести в…"
1,yes,nazism,15,ria:4148564885,ria,2026-09-13,text,no,an attacker's slur quoted in a crime report,"В Чехии поляки избили соотечественника, приняв его за украинца","…человек повалили его на землю и избили ногами. Они кричали, что он ""украинец и [[бандеровец]]"", - говорится в сообщении. По данным издания, нападавшие являются гражданами…"
1,yes,nazism,16,ria:97a3f81108,ria,2026-09-03,headline,yes,,"Европейские ценности отождествляют с героизацией нацизма, заявил МИД","Европейские ценности отождествляют с героизацией [[нацизма]], заявил МИД"
1,yes,nazism,17,rg:d023f8eb7d,rg,2026-09-13,headline,yes,,Свидетельства преступлений неонацизма представили участникам МФМ,Свидетельства преступлений [[неонацизма]] представили участникам МФМ
1,yes,nazism,18,ria:fec8b4423a,ria,2026-09-03,lead,yes,,"Германия пытается бороться с Россией, закрывая консульства, заявил Медведев","Руководство Германии сейчас пытается бороться с Россией, подпитывая [[бандеровский]] режим в Киеве и закрывая консульства РФ, заявил зампред Совбеза РФ Дмитрий…"
1,yes,nazism,19,life:4ff924a4a9,life,2026-09-02,lead,yes,,"«Дело идёт к реинкарнации»: Захарова заявила, что Запад вскоре начнёт обожествлять Гитлера","Западные страны постепенно снижают общественную чувствительность к преступлениям [[нацизма]], что может привести к его оправданию. Об этом заявила официальный представитель МИД РФ Мария Захаро…"
1,yes,nazism,20,aif:ba390b0cd1,aif,2026-09-18,text,yes,,Новости СВО на 18 сентября. Запад предрек Киеву коллапс после ударов ВС РФ,…будут выпущены уже во время ближайшего массированного удара ВС РФ. Месть [[нацистам]]: Авиация ВС РФ похоронила командование «Азова»* в Изюме Авиация ВС РФ…
1,yes,nazism,21,zvezda:ef0f6d19ce,zvezda,2026-09-01,text,no,Second World War reparations between Poland and Germany,"Навроцкий заявил, что Польша ждет репараций от ФРГ для укрепления армии","…не могут прийти к соглашению касательно формата гуманитарных выплат жертвам [[нацистских]] преступлений. Согласно имеющейся информации, из-за бюджетных споров и…"
1,yes,nazism,22,mk:55b64b4657,mk,2026-09-21,headline,yes,,«Русофобия и поддержка нацистов»: Медведев ответил на выпад Ле Пен,«Русофобия и поддержка [[нацистов]]»: Медведев ответил на выпад Ле Пен
1,yes,nazism,23,lenta:d0ac6e62a5,lenta,2026-09-21,text,yes,,Медведев ответил на слова Ле Пен о «российской угрозе» напоминанием о поставках ракет ВСУ,"…партия Ле Пен теперь стала типичной европейской партией: русофобия и поддержка [[нацистов]] в Киеве», — заявил зампред Совбеза России. Ранее лидеры партии «Национальное…"
1,yes,nazism,24,mk:b3889cdee1,mk,2026-09-12,headline,yes,,«Управляет антихрист»: киевские нацисты не позволили похоронить Александру Маршалу маму,«Управляет антихрист»: киевские [[нацисты]] не позволили похоронить Александру Маршалу маму
1,yes,nazism,25,aif:319475d7bd,aif,2026-09-02,text,yes,,"Крыса в углу. Эксперт раскрыл, зачем Киев грозит сбивать суда в небе над РФ",…авиации в небе России... Глава государства уже определил их как заявку [[бандеровского]] режима на государственный терроризм. С террористами переговоров не ведут и…
1,yes,kyiv-regime,1,aif:a0d2509560,aif,2026-09-06,text,yes,,"Сводка СВО, 6 сентября. Киев с ужасом ждет «кошмар Одессы»: ПВО бессильно",…то же время противник все сильнее начинает ощущать последствия политики [[киевского режима]] по размещению военных производств и западных поставок на складах…
1,yes,kyiv-regime,2,ukraina:f22067deb3,ukraina,2026-09-10,text,yes,,ГБР обвинила сотрудника СБУ в плохом хранении боеприпасов в Миле под Киевом,"…военные объекты из густонаселенных районов, автор указал в публикации Больше невозможно скрывать: [[киевский режим]] жестоко поплатился за попытку обмануть российскую армию"
1,yes,kyiv-regime,3,aif:7facef621c,aif,2026-09-25,text,yes,,La Stampa: США отвернулись от Зеленского,"…Зеленского на 81‑й сессии Генассамблеи ООН. По оценке издания, речь главы [[киевского режима]] не получила поддержки со стороны США и президента Дональда Трампа. В…"
1,yes,kyiv-regime,4,rt-ru:7fe3d9ab31,rt-ru,2026-09-13,lead,yes,,"Мендель: Зеленский вводит санкции против всех, кто выступает за мир","Бывшая пресс-секретарь Владимира Зеленского Юлия Мендель заявила, что глава [[киевского режима]] вводит санкции против всех, кто выступает за мир."
1,yes,kyiv-regime,5,aif:345a0370a4,aif,2026-09-02,text,yes,,Зеленский против Буданова. ГУР и СБУ устроили в Киеве бойню из-за предателя,"…Зеленского Дмитрий Литвин заявил СМИ, что нелегитимный лидер [[киевского режима]] якобы пришёл в ярость из-за перестрелки и потребовал от СБУ с ГУР…"
1,yes,kyiv-regime,6,ria:b1cfd30787,ria,2026-09-08,text,yes,,Самый надежный источник: решающие события произойдут на Украине этой зимой,"…Москва информацией не располагает"". Как же тут понять, что теперь ждет [[киевский режим]] и остатки Украины? Правило номер один: в сложных ситуациях опираться на…"
1,yes,kyiv-regime,7,lenta:6ed7384b53,lenta,2026-09-21,text,yes,,Бывший премьер Украины предсказал стране трудную зиму,"…его мнению, при нехватке продовольствия его привезут. Азаров объяснил, что [[киевский режим]] существует, потому что на него работает Европа и 50 стран мира. Ранее Азаров…"
1,yes,kyiv-regime,8,rt-ru:ed49a09a44,rt-ru,2026-09-06,text,yes,,"«Содержательно, конструктивно, предельно откровенно и доверительно»: как прошла встреча Путина с Уиткоффом и Кушнером","…на который российский лидер специально обратил внимание: «А именно — что [[киевский режим]] уже перестал скрывать свою сущность, занявшись перезахоронением одних из…"
1,yes,kyiv-regime,9,ria:74027117a4,ria,2026-09-24,lead,yes,,"Киев и Запад хотят дестабилизировать ситуацию в России, заявил Мирошник","[[Киевский режим]] и его западные спонсоры, наращивая эскалацию, хотят дестабилизировать обстановку в России, говоритс…"
1,yes,kyiv-regime,10,iz:675c357312,iz,2026-09-06,text,yes,,Bloomberg сообщило об ужесточении требований России по Украине,"…также отметил, что американская сторона учла замечание Путина о действиях [[киевского режима]] и его отношении к собственному прошлому. Вечером кортеж Уиткоффа и Кушнера…"
1,yes,kyiv-regime,11,iz:46d447fa13,iz,2026-09-06,text,yes,,Ушаков подвел итоги переговоров Путина с Уиткоффом и Кушнером в Москве. Главное,"…сторона учла замечание российского президента: он особо подчеркнул, что [[киевский режим]] более не пытается скрывать свою природу — в частности, это проявляется в…"
1,yes,kyiv-regime,12,tsargrad:ba657e7fbe,tsargrad,2026-09-04,text,yes,,Власти призывают киевлян покинуть город. Зима будет страшной,"…Услуг Украины Олег Попенко. коллаж Царьграда Он отмечает, что чиновники [[киевского режима]] только сейчас начали составлять списки малозащищённого населения, которые…"
1,yes,kyiv-regime,13,ria:818c8eecd6,ria,2026-09-09,text,yes,,В ЛНР за сутки восемь человек пострадали от атак ВСУ,"…муниципальном округе, ранены работники предприятия и водители. ""Преступный [[киевский режим]] продолжает наносить удары по мирным жителям республики: восемь человек…"
1,yes,kyiv-regime,14,kp:4998354073,kp,2026-09-02,text,yes,,«Угрозы безумного клоуна найдут ответ»: Медведев жестко ответил на слова Зеленского о гражданской авиации,…авиации в небе России. Глава государства уже определил их как заявку [[бандеровского режима]] на государственный терроризм. С террористами переговоров не ведут и…
1,yes,kyiv-regime,15,tass-en:e4adc46cc9,tass-en,2026-09-02,text,yes,,Moscow vows to respond as Germany announces shutdown of Russian consulate,"…the hastily contrived act of provocation only served the interests of the [[Kiev regime]], warmongers within the European political class and military industrialists…"
1,yes,kyiv-regime,16,rt-ru:4c8bf0d897,rt-ru,2026-09-07,headline,yes,,Поражены производственно-погрузочный комплекс и сухогруз: ВС РФ ударили по целям киевского режима в портах Украины,Поражены производственно-погрузочный комплекс и сухогруз: ВС РФ ударили по целям [[киевского режима]] в портах Украины
1,yes,kyiv-regime,17,kp:3aaf2caf92,kp,2026-09-25,text,yes,,Минздрав: двое подростков пострадали при атаке дронов ВСУ на Ульяновск,"…губернатор Ульяновской области Алексей Русских сообщил, что [[киевский режим]] совершил массированную атаку на Ульяновск, повреждены объекты промышленной и…"
1,yes,kyiv-regime,18,rt-ru:31b225f71a,rt-ru,2026-09-22,text,yes,,СК завёл дело о теракте после атаки ВСУ на скорую помощь в Запорожской области,"…подорвать привычный уклад жизни ещё раз доказывают преступную сущность [[киевского режима]]», — говорится в Telegram-канале ведомства. В результате атаки, по словам…"
1,yes,kyiv-regime,19,rg:b7cd9aba66,rg,2026-09-03,text,yes,,"""Страна.ua"": Перестрелка между СБУ и ГУР может привести к отставке Буданова","…по его кандидатуре в Раде, а Буданов намерен этому помешать. Также глава [[киевского режима]] пытается ослабить позиции Буданова, так как считает его своим политическим…"
1,yes,kyiv-regime,20,tsargrad:4ef25dc5d5,tsargrad,2026-09-02,text,yes,,За 30 минут до начала встречи с Путиным: Самое интересное фото,"…разговаривать о мире, сначала нужно, чтобы прекратился терроризм со стороны [[киевского режима]]. Прошёлся и по немецкому канцлеру Мерцу, который страдает от внутренних…"
1,yes,kyiv-regime,21,vesti:5f84ec3555,vesti,2026-09-24,lead,yes,,СМИ указали на растерянность Зеленского из-за увиденного в телефоне Стубба,"Глава [[киевского режима]] Владимир Зеленский растерялся, увидев что-то в телефоне президента Финляндии Александра Стубба."
1,yes,kyiv-regime,22,zvezda:b2061fbbf6,zvezda,2026-09-18,lead,yes,,Карпатский вояж: для чего Зеленский устроил саммит с участием 8 стран,"…ещит, а власть утопает в коррупционных скандалах. В Брюсселе тем временем пытается найти новые деньги на финансирование [[киевского режима]]."
1,yes,kyiv-regime,23,vesti:dc6532bf2c,vesti,2026-09-03,lead,yes,,Журналист Боуз обвинил Запад в безразличии к угрозам Зеленского,Журналист Чей Боуз обратил внимание на отсутствие на Западе реакции на угрозы главы [[киевского режима]] Владимира Зеленского в адрес России.
1,yes,kyiv-regime,24,ukraina:c61f76fef3,ukraina,2026-09-18,text,yes,,"Минобороны РФ: силы ПВО за сутки сбили над Россией почти в семь раз больше БПЛА, чем накануне",…17 сентября сообщило в своём телеграм-канале Вооружённые формирования [[киевского режима]] непрерывно атакуют российские регионы с помощью ударных БПЛА дальнего…
1,yes,kyiv-regime,25,vesti:76d53e5328,vesti,2026-09-25,lead,yes,,"""Неудивительно"": Дмитриев объяснил желание Киева продолжать конфликт","В стремлении [[киевского режима]] продолжать конфликт с Россией нет ничего удивительного, заявил генеральный директор Российского фон…"
1,superseded,illegitimacy,1,inosmi:451e43fa78,inosmi,2026-09-23,text,yes,,"Стал известен главный результат выборов в России: Запад и Украина проиграли (dikGAZETE, Турция)","…стабильность. На этом фоне все отчетливее виден кризис на Украине, где [[нелегитимная]] администрация Зеленского лишает граждан права голоса. Эрхан Куадзба (Erhan…"
1,superseded,illegitimacy,2,tsargrad:fe9c7f9037,tsargrad,2026-09-01,lead,yes,,"Новая угроза Зеленского: ""Российское небо ""фактически будет закрываться"". Операцию СБУ уже забыли?","…Зеленский, судя по всему, забыл 40-дневную операцию СБУ против русских, которая стала полным провалом для Киева. Теперь [[нелегитимный]] заявил, что ""российское небо ""фактически будет закрываться""."
1,superseded,illegitimacy,3,aif:6952c344eb,aif,2026-09-19,text,yes,,Зеленский от отчаяния унижает Украину перед ЕС: новости СВО 19 сентября,…для европейских налогоплательщиков продолжают увеличиваться. Путин заявил об [[узурпации]] власти на Украине Президент России Владимир Путин заявил на заседании…
1,superseded,illegitimacy,4,kp:8ec36e871c,kp,2026-09-11,text,yes,,У Киева проблемы не только с Patriot: стало известно о еще одной ахиллесовой пяте ВСУ,"…внимание ракетам для систем Patriot. Он убежден, что они необходимы Киеву. [[Нелегитимный]] президент выпрашивает эти боеприпасы у Запада. Однако иностранные государства…"
1,superseded,illegitimacy,5,ria:cef8ad5004,ria,2026-09-02,text,yes,,"Любой сменщик Зеленского должен отправить его за решетку, считает Медведчук","…взглядов, будь он сторонник мира или оголтелый нацист, должен отправить [[нелегитимного]] за решетку, поскольку даже для украинского политика такое количество…"
1,superseded,illegitimacy,6,aif:c5f1dc1b9c,aif,2026-09-07,text,yes,,Отсчет конца ВСУ. Зеленский решил убить матерых нацистов в битве за Донбасс,"После очередных заявлений [[нелегитимного]] лидера киевского режима Владимира Зеленского, которые накануне прозвучали в Киеве, противник загово…"
1,superseded,illegitimacy,7,gazeta:7e64e5b5ea,gazeta,2026-09-24,text,yes,,«Клоун — он и есть клоун». Зеленскому ответили на его желание прилететь в Москву «на ракете»,"…с выстрелом из пушки: «Уже с XVII века существует традиция заряжать ворами и [[узурпаторами]] пушки и развеивать их по ветру», — сказал депутат. Советник президента России…"
1,superseded,illegitimacy,8,tsargrad:4acc065484,tsargrad,2026-09-14,text,yes,,"""Начнётся трэш"": Что будет, если война остановится на условиях России. Полковник Нахушев описал сценарий","…конфликта. Но лишь в том случае, если будут соблюдены наши интересы. [[Нелегитимный]] украинский президент Владимир Зеленский же считает, что наши требования…"
1,superseded,illegitimacy,9,tsargrad:64666a7d14,tsargrad,2026-09-17,text,yes,,"На сожжении ""Квартала 95"" не остановились. Сгорел и склад Елены Зеленской","…сгорел склад, где хранился реквизит студии ""Квартал 95"". Напомним, что [[просроченный президент]] Украины Зеленский - один из основателей студии. Он был её бессменным…"
1,superseded,illegitimacy,10,kp:d1d3729381,kp,2026-09-17,text,yes,,"Недвижимость на 1,5 миллиона евро: семья Зеленского приобрела апартаменты в Германии","…и члены его семьи. Ранее политический философ Александр Казаков заявлял, что [[нелегитимный]] президент Незалежной может сбежать из страны уже этой осенью. По его словам,…"
1,superseded,illegitimacy,11,life:7aac3ee7bd,life,2026-09-25,text,no,US sanctions called illegitimate (the context word was 'Президент России'),Путин: Договорённости США и КНР повлияют на всю мировую экономику,…спорные и проблемные вопросы. В их числе Путин отдельно упомянул американские [[нелегитимные]] санкции. «Мы приветствуем переговоры между Соединёнными Штатами и Китайской…
1,superseded,illegitimacy,12,rg:27bb29c765,rg,2026-09-03,text,no,Venezuela's government,Не в ваших полномочиях. Удовлетворит ли американский суд ходатайство Мадуро об освобождении,"…в размере 100 миллиардов долларов - немалая сумма, чтобы передавать ее ""[[нелегитимному]]"" правительству. На это и ссылается Поллак в направленном в суд ходатайстве.…"
1,superseded,illegitimacy,13,tsargrad:ef21efcac5,tsargrad,2026-09-01,text,yes,,Планы ЕС и НАТО на Украину: Чаплыга уверен – Киеву не понравится. Прогрев начался?,…для перевода Украины на внешнее управление. Киевский режим сдаёт позиции. [[Нелегитимный]] украинские президент Владимир Зеленский продолжает терять поддержку не только…
1,superseded,illegitimacy,14,kp:228c280bbb,kp,2026-09-16,text,yes,,Зеленский вновь переобулся и сдал назад: гонор Киева пропал,Фото: REUTERS. [[Нелегитимный]] президент Украины Владимир Зеленский вновь переобулся и сменил свою позицию по конфликту. Гонор быв…
1,superseded,illegitimacy,15,kp:d11d274a47,kp,2026-09-23,text,yes,,"В Раде рассказали, по какой причине Зеленский избегает поездки в Москву: все дело в его гримасах","…во всей красе показал, что умеет говорить мимикой. Трамп просто не дал [[нелегитимному]] лидеру Украины вставить и слова, поэтому тому пришлось вести переговоры у…"
1,superseded,illegitimacy,16,kp:849228e39c,kp,2026-09-07,text,yes,,Зеленский пожаловался Кушнеру и Уиткоффу на нехватку ПВО,"Фото: REUTERS. Просроченный украинский [[узурпатор]] Зеленский нашёл очередной повод устроить истерику, как только к нему приехали представители США Сти…"
1,superseded,illegitimacy,17,tsargrad:0f12f73000,tsargrad,2026-09-08,text,yes,,"""Народ начинает шуметь"": На Украине начался срочный ""антикриз"" Банковой по вопросу ПВО","…рассказали авторы. При этом сам факт того, что Берлин внезапно внял молитвам [[нелегитимного]] украинского президента Владимира Зеленского говорит о том, что положение…"
1,superseded,illegitimacy,18,vesti:afc6fb2200,vesti,2026-09-14,text,yes,,Позиции Зеленского слабеют с каждым днем,"…и Трампом. Это подтверждает тот факт, что президент США так и не позвонил [[нелегитимному]] после поездки Уиткоффа и Кушнера в Москву и Киев, но сразу поговорил по…"
1,superseded,illegitimacy,19,tass-en:c14224670b,tass-en,2026-09-18,headline,yes,,Power in Ukraine usurped by group of embezzlers who need war — Putin,Power in Ukraine [[usurped]] by group of embezzlers who need war — Putin
1,superseded,illegitimacy,20,ukraina:8bad57af6e,ukraina,2026-09-14,text,no,a Ukrainian prosecutor accuses anti-corruption bodies of usurping power,Клановая резня в Киеве: кто кого переиграет. Хроника событий на утро 14 сентября,"…Кравченко пошел еще дальше, фактически обвинив НАБУ и САП в попытке [[узурпации]] власти. ""Это не борьба с коррупцией. Это превращение правоохранительного…"
1,superseded,illegitimacy,21,tsargrad:6da717b8d7,tsargrad,2026-09-09,lead,yes,,Киев атакует Залужного: Зеленский запустил новую политическую кампанию. Но есть нюанс,"Владимир Зеленский запустил политическую кампанию против Валерия Залужного. [[Нелегитимный]] президент Украины атакует посла, выставляя его в не самом лучшем свете, чтобы очернить конкурента. …"
1,superseded,illegitimacy,22,tsargrad:5c118be713,tsargrad,2026-09-24,lead,yes,,"Африка содрогается, Прибалтика готовится, виновата Россия: Зеленский выступил с трибуны ООН","… ООН. С трибуны он вещал о ""бесчинствах русских убийц"", от которых содрогается Африка и к которым готовится Прибалтика. [[Нелегитимный]] украинский президент идеально отработал по методичке…"
1,superseded,illegitimacy,23,ukraina:3d1d474f0c,ukraina,2026-09-21,text,no,the Russian Duma's legitimacy,"Андрей Суздальцев: Не признав выборы в Госдуму России, Украина загнала себя в ловушку","…украинцев на руках, и если они сказали нет выборам, значит российская Госдума [[нелегитимна]]. Напомню, что Россия признала президентские выборы на Украине в 2014 году,…"
1,superseded,illegitimacy,24,kp:e2bf755d19,kp,2026-09-08,text,yes,,"В Британии считают, что Киев не может себя защитить: Зеленский сам не верит в победу Украины","Фото: REUTERS. [[Нелегитимный]] президент Украины Владимир Зеленский сомневается в силах Киева. Он не уверен, что Россию можно побе…"
1,superseded,illegitimacy,25,kp:3b0d0a0398,kp,2026-09-22,text,yes,,Зеленский снова не угадал с костюмом: бывший комик прибыл на Генассамблею ООН в пиджаке неподходящего размера,"…без галстука и слишком большом по размеру пиджаке. Штаны, в которых был [[нелегитимный]] украинский лидер, также были ему велики и собирались складками. Отмечается,…"
1,yes,collective-west,1,inosmi:d264793960,inosmi,2026-09-09,headline,yes,,"Кукловоды вышли из-за сцены: кто руководил Зеленским на переговорах с США (Boulevard Voltaire, Франция)","[[Кукловоды]] вышли из-за сцены: кто руководил Зеленским на переговорах с США (Boulevard Voltaire, Франция)"
1,yes,collective-west,2,mk:61385b4e50,mk,2026-09-17,text,yes,,Стала известная причина снижения дроновой активности ВСУ: копили силы,"…на усиленный режим боевого дежурства. Думаю, попытки Зеленского и его [[западных кураторов]] таким способом повлиять на ход и исход выборов в России будут по…"
1,yes,collective-west,3,gazeta:e72d85e570,gazeta,2026-09-08,text,yes,,В Кремле обвинили Европу в провокации Украины,"…Крыма и Новороссии под контроль Москвы. Министр выразил уверенность, что [[коллективный Запад]] стремится сохранить украинский конфликт как постоянный «раздражитель» для…"
1,yes,collective-west,4,gazeta:ebb7172fff,gazeta,2026-09-04,text,yes,,В СВР заявили о работе Запада по дестабилизации ситуации у границ СНГ,"…разведки (СВР) России. «Было отмечено, что деятельность отдельных стран [[коллективного Запада]], направленная на сохранение глобального доминирования, ведет к подрыву…"
1,yes,collective-west,5,ukraina:eb0468f44b,ukraina,2026-09-04,text,yes,,"Михаил Делягин: Проблемы с бензином будут до тех пор, пока мы не усилим ПВО и не отменим налоговый маневр","…украинского народа. Они ее и выполняют. Не так эффективно, как хотелось бы [[западным хозяевам]], которые тем самым хотят расчистить себе ""жизненное пространство"", но…"
1,yes,collective-west,6,ria:bd22071588,ria,2026-09-16,text,yes,,"Запад продолжает попытки нанести России поражение, заявила Жданова","…вопросам военной безопасности и контроля над вооружениями Юлия Жданова. ""[[Коллективный Запад]] не отказывается от поставленной иллюзорной цели – нанесения России…"
1,yes,collective-west,7,ukraina:c3039a2bb9,ukraina,2026-09-22,text,yes,,"""Уничтожают украинцев"": Захарова рассказала, кто виноват","…Надо говорить о геноциде в отношении украинского народа со стороны [[коллективного Запада]]. Ты понимаешь что на повестке? Уничтожают украинцев. Украинцев как нацию,…"
1,yes,collective-west,8,lenta:768aa16730,lenta,2026-09-19,text,yes,,Стало известно о планах ЕС заранее не признать выборы в России,"…от депутатов других государств. «За три дня до окончания голосования [[коллективный Запад]] уже все решил за наших граждан, — отметил политик. — Это можно расценивать…"
1,yes,collective-west,9,kp:59d665354a,kp,2026-09-16,text,yes,,На Западе используют конфликт на Украине против Трампа: почему США не в состоянии усмирить Киев,"…конфликта на Украине - на США? - Эта ответственность лежит на европейских [[кураторах киевского]] режима и на самом режиме. Не менее значимыми, чем встреча в Анкоридже,…"
1,yes,collective-west,10,kp:881583553f,kp,2026-09-23,text,yes,,"Переговоры России и США по Украине, последние новости 23 сентября 2026","…закончится путем заключения соглашения. Мы все это понимаем». Ну а если [[кураторы Киева]] из Старого Света не перестанут играть с огнем, им, по словам Рубио, грозит…"
1,yes,collective-west,11,ukraina:0b693ee5e7,ukraina,2026-09-03,text,yes,,"США против Канады: Трамп начал новую войну, раскалывающую антироссийский Запад","…Штатов в конфликте количество ресурсов, имеющихся в распоряжении [[коллективного Запада]], заметно снизилось. Тарифные войны Трампа, расколовшие некогда единый…"
1,yes,collective-west,12,aif:db157a5d39,aif,2026-09-25,text,yes,,В РФ жестко ответили на угрозы Зеленского: главная новость СВО 25 сентября,"…что киевский режим уже не воспринимается всерьез даже собственными [[западными кураторами]]. Тяжелая зима, которой он пугает Россию, с пугающей неизбежностью…"
1,yes,collective-west,13,tsargrad:9e0dd9c872,tsargrad,2026-09-01,text,yes,,Переворот в Киеве – Зеленский усилил охрану. А кто собрался свергать?,"…страну Зеленский и его подручные. Он не просто перестал быть выгоден своим [[западным хозяевам]], он стал опасен. ""Угроза жизни существует 100 процентов. Я неоднократно…"
1,yes,collective-west,14,aif:f0627c5c21,aif,2026-09-05,text,yes,,"Элита ВСУ не спасется из котла: клещи смыкаются, Краматорск в огне","…не для эффективной обороны, а для создания иллюзии сопротивления перед [[западными кураторами]]. «Мы каждый раз сталкиваемся с тем, что противник старается ради красивой…"
1,yes,collective-west,15,pnp:8817f9a7d2,pnp,2026-09-21,text,yes,,"Партия «Родина», предварительно, получает одно место в Госдуме",…глава ЦИК. Особенностью выборов этого года стало открытое использование [[западными кураторами]] иноагентов и экстремистов для срыва избирательной кампании. Страны Запада…
1,yes,collective-west,16,gazeta:25c5450486,gazeta,2026-09-25,text,yes,,«Новый импульс или капитуляция». Что предлагают США для решения конфликта на Украине,"…всех возможностей для российской внешней торговли. Соответственно, [[коллективный Запад]] сделал российские предложения для себя ничтожными с юридической точки…"
1,yes,collective-west,17,rg:1752d932fe,rg,2026-09-21,text,yes,,Володин: Выборы продемонстрировали консолидацию общества и устойчивость системы,"…стран и 13 организаций. Говоря о внешнем давлении, Володин отметил, что [[коллективный Запад]] предпринимал активные попытки вмешательства через кибератаки, удары…"
1,yes,collective-west,18,aif:04c366e34a,aif,2026-09-16,text,yes,,Казнят по черному списку: атаковавших РФ боевиков настигла кара,"…список нежелательных граждан. Очевидно, эта практика была подсказана им [[западными кураторами]]», — подчеркнул Иванников. * Внесен Росфинмониторингом в реестр…"
1,yes,collective-west,19,ukraina:ec9ebc3bae,ukraina,2026-09-18,text,yes,,"""Сведение политических счетов"": МИД РФ раскритиковал провокационный проект резолюции МАГАТЭ по Украине",…на ежегодных сессиях Генконференции МАГАТЭ превратилось для Киева и его [[западных кураторов]] в обязательный элемент их курса на подрыв устойчивого и эффективного…
1,yes,collective-west,20,tsargrad:fbcb674363,tsargrad,2026-09-10,text,yes,,"Взрывы в Сочи и на Ямале, налет 704 БПЛА и новые сирены: где объявлена опасность в России 10 сентября",…ударов со стороны Киева - это скоординированная попытка продемонстрировать [[западным кураторам]] «силовую позицию» перед возможным запуском официального переговорного…
1,yes,collective-west,21,pnp:48992fa18b,pnp,2026-09-20,text,yes,,На выборах выросло число кибератак,…— 2026 Особенностью выборов этого года стало открытое использование [[западными кураторами]] иноагентов и экстремистов для срыва избирательной кампании. Страны Запада…
1,yes,collective-west,22,life:73839e4793,life,2026-09-09,text,yes,,Медведев заявил о единстве России и КНДР по ключевым мировым вопросам,"…выступают за справедливое мироустройство и противостоят политике [[коллективного Запада]], которую он назвал неоколониальной. «Наши государства единым фронтом…"
1,yes,collective-west,23,rt-ru:0c27ab954c,rt-ru,2026-09-04,headline,yes,,Кошкович: западные кураторы Киева могут лишить Зеленского власти в любой момент,Кошкович: [[западные кураторы]] Киева могут лишить Зеленского власти в любой момент
1,yes,collective-west,24,ria:f43168696b,ria,2026-09-23,text,yes,,"Иди и смотри, Зеленский: НАТО утилизирует своих упырей","…Косово паналбанская идея конституционно запрещена по требованиям [[западных кураторов]]. То есть Курти — бунтарь, тогда как Тачи — жирный кот, считавший, что…"
1,yes,collective-west,25,zvezda:e8e33d042d,zvezda,2026-09-17,text,yes,,Фицо: идет поиск предлога для конфликта между НАТО и Россией,"…- написал Фицо. Ранее премьер-министр Словакии уже отмечал, что стратегия [[коллективного Запада]] и его попытки поставить Россию на колени путем поддержки киевского режима…"
1,yes,russophobia,1,iz:0fab0d90f1,iz,2026-09-23,text,yes,,Песков указал на отсутствие для РФ новизны в словах Бернэма о «ядовитых атаках»,"…премьер-министр Великобритании не сказал, это первое. Второе: нагнетание [[русофобских]] настроений и такое поддерживание атмосферы тотальной русофобии — это то, чем в…"
1,yes,russophobia,2,kp:8007283021,kp,2026-09-08,text,yes,,"Финский военкор пожаловался на угрозы после того, как рассказал правду о Крыме",…уже тебе выкопали могилу». Но я не держу на них обиды. Эти люди просто больны [[русофобией]] и ненавистью. Я буду продолжать делать репортажи с полуострова и показывать…
1,yes,russophobia,3,vesti:8559106b0f,vesti,2026-09-03,text,yes,,Дегтярев: шансы на восстановление российских биатлонистов в IBU высоки,"…атлетике. Ну, вы знаете, британец, лорд Коу, Себастьян Коу, он занимает [[русофобскую]] откровенно позицию, поэтому мы пошли в суды По его словам, Федерация легкой…"
1,yes,russophobia,4,ria:f7b000cdeb,ria,2026-09-18,text,yes,,Вадим Красносельский: многие в Приднестровье хотят получить паспорт России,"…корней и прошлого. В правобережной части МССР звучали совершенно неприемлемые [[русофобские]] и антисемитские лозунги из разряда ""русских за Днестр, евреев – в…"
1,yes,russophobia,5,ria:d313a244d2,ria,2026-09-02,text,yes,,"ФРГ заслуживает удара по производствам техники для Киева, заявил Медведев","…в недоказанной атаке на аэропорт Лейпцига. С учетом неонацистского, яро [[русофобского]] курса нынешнего руководства Германии придуманная диверсия – самая слабая…"
1,yes,russophobia,6,ria:5d991d8e28,ria,2026-09-15,lead,yes,,"Швейцария не рассматривается для переговоров по Украине, заявила Захарова","Швейцария не рассматривается для переговоров по Украине в свете утраты нейтралитета, проявления [[русофобии]] в ее политике, сказала официальный представитель МИД…"
1,yes,russophobia,7,mk:e97e6c40e9,mk,2026-09-19,text,yes,,Двух детей из России решили вернуть в Латвию по Гаагской конвенции,"…депортация и условия, в которых им предлагается жить после возвращения в [[русофобской]] стране, чтобы вечно каяться за своё этническое происхождение, за великий…"
1,yes,russophobia,8,ria:165c03ccdb,ria,2026-09-02,text,yes,,Захарова рассказала об ответах Москвы на деструктивные антироссийские шаги,"…за нами не заржавеет. На все аналогичные деструктивные антироссийские, [[русофобские]] шаги давались ответы очень оперативно"", - сказала она журналистам, комментируя…"
1,yes,russophobia,9,iz:7811a249ea,iz,2026-09-20,text,yes,,Полиция Прибалтики ведет учет пришедших на выборы депутатов Госдумы россиян,"…местные полицейские ведут учет тех, кто пришел голосовать. «Мне кажется, [[русофобское]] настроение у некоторых прибалтов в генах. Они думают, что это как раз то, на…"
1,yes,russophobia,10,vesti:b99e829e71,vesti,2026-09-25,headline,yes,,"Захарова заявила, что комментировать слова русофоба Сикорского – себя не уважать","Захарова заявила, что комментировать слова [[русофоба]] Сикорского – себя не уважать"
1,yes,russophobia,11,pnp:48992fa18b,pnp,2026-09-20,text,yes,,На выборах выросло число кибератак,"…он сообщил, что на Западе создают площадки для руководства действиями [[русофобов]]-радикалов. Вслед за ПАСЕ такую работу теперь ведут и на уровне национальных…"
1,yes,russophobia,12,ria:9e4a061238,ria,2026-09-22,text,yes,,Лавров выступит на форуме о фейках,"…дел РФ: его выступление затронет ""различные аспекты противодействия [[русофобской]], антироссийской пропаганде на конкретных примерах"". По словам Захаровой,…"
1,yes,russophobia,13,pnp:b8bbaa33bf,pnp,2026-09-23,text,yes,,Тайный план НАТО и раскол Германии: Берлин изымает секретные документы у оппозиционных земель,"…фоне правящий «Христианско-демократический союз» (ХДС), проводящий откровенно [[русофобский]] курс во главе с канцлером Фридрихом Мерцем, продемонстрировал наихудший за…"
1,yes,russophobia,14,ria:5380c81827,ria,2026-09-18,text,yes,,"""Сообразительный"" ответ на датскую провокацию в Балтике","…""европейских ценностей"", о которой тоже на днях говорил Сергей Лавров, — [[русофобии]]. Инцидент в международных водах Балтийского моря лишний раз подтверждает:…"
1,yes,russophobia,15,mk:0dcab793b9,mk,2026-09-15,headline,yes,,Кобахидзе пообещал «уничтожать русофобию в зародыше» в Грузии,Кобахидзе пообещал «уничтожать [[русофобию]] в зародыше» в Грузии
1,yes,russophobia,16,rg:78bed347e2,rg,2026-09-20,text,yes,,Фицо назвал ошибкой отказ Украины от мирного соглашения с РФ в 2022 году,"""Украина совершила в апреле 2022 года... огромную ошибку, когда послушала [[русофобный]] Запад и не подписала подготовленный договор о мире"", - цитирует ТАСС политика. Фицо…"
1,yes,russophobia,17,gazeta:16da91c353,gazeta,2026-09-12,text,yes,,В США назвали европейцев «тупоголовыми» и «сумасшедшими» из-за помощи Украине,"…указал военный. По его словам, это «абсурд», а называть европейцев «[[русофобами]]» недостаточно. Уилкерсон призвал называть их «тупоголовыми, легкомысленными,…"
1,yes,russophobia,18,tsargrad:5a6463baf0,tsargrad,2026-09-24,text,yes,,"Русские летят!: Глава Минобороны Италии опроверг вброс СМИ, но сделал только хуже?","…в том, что чиновники ЕС и его стран системно и на регулярной основе развивают [[русофобские]] настроения, пугая всех русской угрозой и закрывая на время аэропорты ради…"
1,yes,russophobia,19,mk:f454be1263,mk,2026-09-12,text,yes,,Истерика как политическое кредо: Мерц рулит выборами,"…парламентский закон. И это всё выглядит нелепо даже для самых откровенных [[русофобов]]. Всё это явно протянуто за уши. И понятно, что никакого серьёзного ущерба…"
1,yes,russophobia,20,rt-ru:afce9262a5,rt-ru,2026-09-22,headline,yes,,Медведев: русофобия и одержимость Киевом сделали Мерца бесполезным канцлером ФРГ,Медведев: [[русофобия]] и одержимость Киевом сделали Мерца бесполезным канцлером ФРГ
1,yes,russophobia,21,ria:035de137f9,ria,2026-09-01,text,yes,,Захарова: Германия получит от Москвы ответ на антироссийские действия,"…инцидент с БПЛА, выразило озабоченность в связи с новым витком [[антироссийской истерии]] в Германии. Оно назвало произошедшее наспех состряпанной провокацией,…"
1,yes,russophobia,22,ria:15f2303ad0,ria,2026-09-21,text,yes,,Волошин: отказ Европы от российского газа обернулся гонкой за дорогим СПГ,"…считает, что для решения этих проблем достаточно отказаться от ""затянувшегося [[русофобского]] эксперимента"" и вернуться к прагматичному подходу в экономике. В РФ ранее…"
1,yes,russophobia,23,ria:f5a5507238,ria,2026-09-14,headline,yes,,Финский военкор назвал забор на границе с Россией памятником русофобии,Финский военкор назвал забор на границе с Россией памятником [[русофобии]]
1,yes,russophobia,24,pnp:1065652c43,pnp,2026-09-08,text,yes,,Лавров: Запад озверело хочет вернуть Украину на границы 1991 года,"…что Россия не может согласиться с урегулированием, предполагающим сохранение «[[русофобского]] агрессивного неонацистского украинского режима». По его словам, такой вариант…"
1,yes,russophobia,25,ukraina:03e8310524,ukraina,2026-09-14,text,yes,,"Мендель, Коломойский* и другие: что задумали ""борцы с диктатурой Зеленского""","…десятилетия резко сократилась электоральная база пророссийских политиков, а [[русофобия]] стала на Украине политическим мейнстримом. Во-вторых, и Мендель, и Коломойский*…"
1,superseded,provocation,1,tsargrad:5a75f2fc3b,tsargrad,2026-09-15,text,yes,,"В России ответили на выпады главы МИД Польши Сикорского: ""Двух бригад хватит""","…грозил нападением на Калининград. По его словам, Варшава сначала делает [[провокационные]] заявления, потом обвиняет Россию в агрессивных планах, устраивает учения на…"
1,superseded,provocation,2,kp:9a562cfbd2,kp,2026-09-01,text,yes,,Захарова: ФРГ получит достойный ответ на закрытие Русского дома и генконсульства,"…о работе Русского дома в Берлине. В посольстве РФ в ФРГ случившееся назвали наспех состряпанной [[провокацией]], выгодной киевскому режиму и милитаристским кругам Европы."
1,superseded,provocation,3,ria:4dfe605dc2,ria,2026-09-22,headline,yes,,Захарова рассказала об опровержениях киевской провокации в Буче,Захарова рассказала об опровержениях киевской [[провокации]] в Буче
1,superseded,provocation,4,tsargrad:82b2ac2d6b,tsargrad,2026-09-11,text,no,"Ukraine's claim of Russian provocations, rebutted",Дрон ВСУ влетел в избирком Самарской области: ВСУ начали срывать выборы. Заявление Памфиловой,"…в период голосования. В Киеве тем временем заявляют, что это Россия готовит [[провокации]] на избирательных участках. Однако факты говорят об обратном: реальные удары…"
1,superseded,provocation,5,tsargrad:09cdde3fc0,tsargrad,2026-09-23,text,no,'provocative' video titles on WeChat,Пьяные девушки из Владивостока собирают миллионы просмотров в WeChat: что они делают,"…особый тип контента: в WeChat активно распространяются ролики с [[провокационными]] заголовками на китайском языке — например, «Парень из Хэбэя не может поднять…"
1,superseded,provocation,6,rg:2bb77dbaf4,rg,2026-09-07,text,no,a 1976 defection (history),МиГ - и в Японии,"…Союзе возмутились. Не мог парторг эскадрильи пойти на такое. Искренне верили: [[провокация]] японцев, а посадка - вынужденная. За Беленко вступился сам министр иностранных…"
1,superseded,provocation,7,zvezda:bd9b7eb039,zvezda,2026-09-25,lead,yes,,Лавров передал Гутеррешу доклад о фейках киевского режима про Бучу,Доклад «Наследники Геббельса: фальсификация событий в Буче и кровавые [[инсценировки]] киевского режима» подготовлен Международным общественным трибуналом и посвящен разоблачению ложных …
1,superseded,provocation,8,lenta:52396da018,lenta,2026-09-20,headline,yes,,Экс-дипломат раскрыл готовящуюся Киевом провокацию,Экс-дипломат раскрыл готовящуюся Киевом [[провокацию]]
1,superseded,provocation,9,iz:9fe9bb5191,iz,2026-09-17,text,yes,,Захарова заявила о попытке Киева выдать боевиков за якобы погибших в Буче мирных,"…«смешала имена и фамилии», совершив преступление не только в момент реализации [[провокации]], но и в процессе введения мирового сообщества в заблуждение. Как уточнила…"
1,superseded,provocation,10,life:39e9a596a2,life,2026-09-25,lead,yes,,"«Цирк уехал, а клоуны остались»: Путин ответил на вопрос Юнашева о «воинственной» Эстонии",Президент России Владимир Путин назвал [[провокацией]] заявления министра обороны Эстонии Мартина Херема о возможном военном столкновении с РФ. Об этом гл…
1,superseded,provocation,11,tsargrad:05ec131c88,tsargrad,2026-09-07,text,yes,,"Угрозы Зеленского аукнулись посланникам Трампа? В схеме маршрута появился поезд. Кушнер ""повторяет за Путиным""","…авиации невозможными, завуалированно угрожая ударами по ней. С учётом [[провокаций]], которые осуществляет Киев, с учётом войны спецслужб ГУР и СБУ со взаимными…"
1,superseded,provocation,12,vesti:9682a12185,vesti,2026-09-06,text,yes,,"Посол Корчунов допустил, что Арктика может стать ареной противостояния РФ и НАТО","…в высоких широтах за счет различных учений, которые подчас носят весьма [[провокационный]] характер Корчунов уточнил, что различные тренировки НАТО в регионе могут…"
1,superseded,provocation,13,tsargrad:f1a8d46a88,tsargrad,2026-09-23,text,no,a rapper calls accusations a provocation,Вскроется вся правда? Собчак анонсировала интервью с Самойловой после стрельбы Джигана,"…и высказывал угрозы убийством. Сам музыкант отвергает обвинения, называя их «[[провокацией]]» недоброжелателей. Он утверждает, что видео с оружием были сняты во время…"
1,superseded,provocation,14,rt-ru:bde32a86cc,rt-ru,2026-09-17,lead,yes,,Захарова допустила попытки сорвать парламентские выборы в России,"Парламентские выборы в России могут сопровождаться [[провокациями]] и попытками сорвать голосование, заявила официальный представитель МИД России Мария Захарова."
1,superseded,provocation,15,ria:e7fd2e8687,ria,2026-09-02,text,yes,,Временного поверенного в делах ФРГ вызвали в МИД,…конкретных доказательств. Россия же назвала инцидент наспех состряпанной [[провокацией]]. Посол в Германии Сергей Нечаев решительно отверг предъявленные обвинения как…
1,superseded,provocation,16,tass-en:5a4edced50,tass-en,2026-09-11,lead,yes,,Russia has no need for mobilization — Medvedev,Deputy Chairman of the Russian Security Council said that [[provocations]] are intended solely to worry the population
1,superseded,provocation,17,ria:c7c590b835,ria,2026-09-04,text,yes,,"Угроза для Румынии исходит не от России, а от НАТО, заявил посол",…и Евросоюза. - Липаев назвал Владимира Зеленского международным террористом и [[провокатором]] к масштабному вооруженному конфликту на европейском континенте. - По словам…
1,superseded,provocation,18,rt-ru:f5f743a6fe,rt-ru,2026-09-05,headline,no,football,"Провокация Семака, драма Соболева и дубль Облякова «в раздевалку»: как ЦСКА вырвал победу у «Зенита» в Петербурге","[[Провокация]] Семака, драма Соболева и дубль Облякова «в раздевалку»: как ЦСКА вырвал победу у «Зенита» в Петербу…"
1,superseded,provocation,19,lenta:1f956e92d5,lenta,2026-09-02,lead,yes,,В ЦИК указали на новую угрозу от «сбежавших из страны»,В Центризбиркоме ожидают немалое число [[провокаций]] на выборах в Госдуму со стороны «сбежавших из страны» граждан. На новую угрозу для России указала п…
1,superseded,provocation,20,ria:4a70909208,ria,2026-09-02,text,yes,,"Берлин бездоказательно обвинил Москву в инциденте в Лейпциге, заявили в МИД",…этому конкретных доказательств. Москва назвала инцидент наспех состряпанной [[провокацией]]. Президент России Владимир Путин заявил об отсутствии у Германии…
1,superseded,provocation,21,ria:ad310de6ae,ria,2026-09-10,text,yes,,СМИ: обнаруженным в Лейпциге БПЛА могли управлять из любой точки мира,…этому конкретных доказательств. Москва назвала инцидент наспех состряпанной [[провокацией]]. Президент России Владимир Путин заявил об отсутствии у Германии доказательств…
1,superseded,provocation,22,lenta:b33694e2e0,lenta,2026-09-08,text,yes,,"Размещение ракет США в Норвегии: что известно, угрозы для России, реакция РФ, связь с Украиной","…являются попыткой смягчить любые возможные ответные действия России на эту [[провокацию]], а также нарушением норвежской конституции. Хотя западные страны и так далеки…"
1,superseded,provocation,23,tsargrad:3c41b760fe,tsargrad,2026-09-11,text,no,a pop video,Один клип разрушил жизнь. Звезда 2000-х Саша вернулась в Россию после провала в США.,"…карьеры Саши в России начался задолго до её отъезда. Точкой невозврата стал [[провокационный]] клип, в котором режиссерская задумка столкнула лбами (в буквальном смысле)…"
1,superseded,provocation,24,aif:8179a48a41,aif,2026-09-18,text,yes,,Памфилова предупредила о рассылке фейковых писем чиновникам от ее имени,"…консульских учреждений фейковые письма от ее имени. По ее словам, вбросы и [[провокации]] в отношении выборов в РФ идут все время. «Если я начну перечислять, то не…"
1,superseded,provocation,25,rt-ru:7039275ef9,rt-ru,2026-09-25,headline,yes,,Лавров передал Гутеррешу доклад о провокации в Буче,Лавров передал Гутеррешу доклад о [[провокации]] в Буче
1,superseded,western-fakes,1,rg:61d280729e,rg,2026-09-15,headline,yes,,Историку русской кухни Павлу Сюткину дали шесть лет колонии за фейки о ВС РФ,Историку русской кухни Павлу Сюткину дали шесть лет колонии за [[фейки]] о ВС РФ
1,superseded,western-fakes,2,ria:485113482a,ria,2026-09-17,headline,yes,,ЦИК заявил о рассылке фейковых писем от имени Памфиловой,ЦИК заявил о рассылке [[фейковых]] писем от имени Памфиловой
1,superseded,western-fakes,3,iz:59adf9fc32,iz,2026-09-04,text,yes,,В рамках Парада парусов состоялась сессия «ВЭФ Патриот»,"…возвращаем настоящий смысл»; — «Правда как оружие: как не стать мишенью в [[информационной войне]]»; — «Своими руками: как тыл становится фронтом, когда обычные люди решают…"
1,superseded,western-fakes,4,life:6d2818e4d7,life,2026-09-18,lead,no,Trump calls CNN 'fake news',Трамп запретил CNN и Politico доступ в Белый дом,"…Трамп объявил о запрете доступа в Белый дом для телеканала CNN, газеты Politico и MSNOW. Причиной он назвал «постоянные [[фейковые]] новости» и предупредил, что другие медиа последуют за ними."
1,superseded,western-fakes,5,iz:b2ae858f6e,iz,2026-09-03,text,no,AI scam videos,Мошенники начали рекламировать диету от имени актрисы Ароновой при помощи ИИ,"…на территории России. В настоящее время решить проблему с распространением [[фейковых]] видео не удается. Депутат Госдумы Георгий Камнев 25 августа заявил, что…"
1,superseded,western-fakes,6,iz:21a8c75e64,iz,2026-09-10,text,yes,,Дмитриев заявил о панике в Евросоюзе из-за диалога России и США,"…украинского конфликта. «Зачем Financial Times (FT. — Ред.) публиковать ложь и [[фейковые]] новости, чтобы сорвать диалог между США и Россией и попытаться подорвать…"
1,superseded,western-fakes,7,aif:45483b6a7a,aif,2026-09-18,text,yes,,Киев не смог сорвать выборы в ГД РФ. Проголосовала пятая часть избирателей,"…4,2 миллиона избирателей. Эти числа вызвали истерику у иноагентов и [[западных пропагандистов]], так как, по их подсчётам, вышло, что в освобождённых регионах досрочно…"
1,superseded,western-fakes,8,kp:70afbe8c10,kp,2026-09-22,headline,yes,,"Форум ""Диалог о фейках 4.0"" собрал в Москве участников из 80 стран","Форум ""Диалог о [[фейках]] 4.0"" собрал в Москве участников из 80 стран"
1,superseded,western-fakes,9,kp:0e45a86766,kp,2026-09-25,text,no,a Lithuanian exercise scenario,В Литве начались очередные учения: отрабатывают эвакуацию в другую страну,"…включая запасы продовольствия. Сценарии учений охватят киберинциденты, [[дезинформацию]], саботаж и защиту критической инфраструктуры. Накануне стало известно о…"
1,superseded,western-fakes,10,vesti:1ac38bd0a8,vesti,2026-09-19,text,no,a US official calls a report fake,WP: информация о занижении числа американских потерь в конфликте с Ираном верна,"…ответом на слова шефа Пентагона Пита Хегсета, ранее назвавшего сведения газеты [[фейком]] и ложью, вызывающими отвращение. Газета The Washington Post сообщила со ссылкой…"
1,superseded,western-fakes,11,ria:9430ed3a50,ria,2026-09-03,headline,yes,,Путин назвал слухи о мобилизации информационной атакой,Путин назвал слухи о мобилизации [[информационной атакой]]
1,superseded,western-fakes,12,aif:7e93583c92,aif,2026-09-22,text,no,Trump's 'fake news',Выгнанные из Белого дома репортеры CNN встретили Трампа в штаб-квартире ООН,"…правительства и распространении недостоверной информации, которую он назвал «[[фейк]]-ньюс». В настоящее время у центрального входа в зал заседаний Генассамблеи ООН…"
1,superseded,western-fakes,13,mk:75a394446a,mk,2026-09-19,headline,no,ballot stuffing ('о вбросе'),Глава регионального избиркома сообщила о вбросе — виновные отстранены,Глава регионального избиркома сообщила о [[вбросе]] — виновные отстранены
1,superseded,western-fakes,14,ria:dac2b0b05a,ria,2026-09-09,text,yes,,МИД: Россия требует от датских СМИ прекратить травлю школы при посольстве,…прекратить эту травлю и призываем датские СМИ вместо генерирования [[дезинформации]] и медиаманипуляций о России сосредоточиться на критическом анализе ситуации в…
1,superseded,western-fakes,15,vesti:4edf720a52,vesti,2026-09-20,text,yes,,Посол РФ в Бельгии: власти страны содействуют посольству в проведении выборов,…закрытия генконсульства в Бонне Ранее в посольстве России в Японии рассказали о попытках [[вбросов]] фейков о проведении выборов в РФ. В дипведомстве оперативно реагируют.
1,superseded,western-fakes,16,tsargrad:961fc5830f,tsargrad,2026-09-09,text,yes,,Срочная эвакуация сына Нетаньяху. Иран дотянулся,"…царьграда России здесь есть чему поучиться. Увы, часто мы отвечаем на [[информационные атаки]] формальными пресс-релизами, которые никто не читает. Пока противник…"
1,superseded,western-fakes,17,lenta:0d58f6cfd5,lenta,2026-09-24,headline,no,"a domestic rumour about a tax, debunked",Сообщение о новом налоге для россиян в связи с атаками дронов оказалось фейком,Сообщение о новом налоге для россиян в связи с атаками дронов оказалось [[фейком]]
1,superseded,western-fakes,18,lenta:4cbd94f371,lenta,2026-09-25,text,yes,,Лавров обратился к генсеку ООН,"…ведомстве. «[Доклад] посвящен разоблачению распространяемых киевским режимом [[фейков]] о якобы имевшей место в Буче резне», — следует из сообщения. Документ подготовил…"
1,superseded,western-fakes,19,ria:942aefec16,ria,2026-09-16,text,no,the EU warns of disinformation (the opposite claim),Фон дер Ляйен заявила о росте расходов на оборону в Евросоюзе,"…угрозы для европейских стран в виде беспилотников, гибридных атак и [[дезинформации]]. БРЮССЕЛЬ, 16 сен - РИА Новости. Расходы на оборону в Евросоюзе выросли почти…"
1,superseded,western-fakes,20,tsargrad:e04a7d32b5,tsargrad,2026-09-15,text,yes,,"Звёздные войны: эксперт объяснил ""первое космическое оружие"" США","…не исключает, что громкое заявление может оказаться лишь информационным [[вбросом]] или пиар-ходом. Однако сама тенденция к милитаризации космоса, по его мнению,…"
1,superseded,western-fakes,21,inosmi:a064661778,inosmi,2026-09-02,text,yes,,"Поддержка Украины в мире резко упала. ""Бездонная яма, поглощающая финансы"" (Sohu, Китай)","…встал на сторону Украины. 141 страна решительно потребовала справедливости. [[Западные СМИ]] развернули грандиозную пропагандистскую кампанию, громко заявляя о скором…"
1,superseded,western-fakes,22,gazeta:eaf05d60a0,gazeta,2026-09-03,lead,yes,,"Путин раскрыл, существует ли вероятность новой волны мобилизации в России",Путин: слухи о мобилизации в РФ являются [[информационной атакой]]
1,superseded,western-fakes,23,ria:e6b9833316,ria,2026-09-02,headline,yes,,Политолога Снеговую* заочно осудили на семь лет по делу о фейках об армии,Политолога Снеговую* заочно осудили на семь лет по делу о [[фейках]] об армии
1,superseded,western-fakes,24,rg:cf195ada71,rg,2026-09-17,headline,yes,,В Удмуртии отметили активизацию вброса фейков в информационное пространство,В Удмуртии отметили активизацию [[вброса]] фейков в информационное пространство
1,superseded,western-fakes,25,ukraina:14f6854d30,ukraina,2026-09-21,text,yes,,"Танцы, выборы и дроны: чем сегодня живет ДНР","…что к выборам депутатов Госдумы противник явно готовился загодя. Тут тебе и [[дезинформация]], и будоражащие население вбросы, и масштабные налеты ударных БПЛА. Причем с…"
1,yes,terrorism,1,tsargrad:abe04d3323,tsargrad,2026-09-21,text,yes,,"Главное за ночь 21 сентября: волна атак БПЛА: Самара, Подмосковье, итоги рекордного налёта",…режима сорвать выборы в Госдуму полностью провалена. В ответ на [[террористические атаки]] по гражданской инфраструктуре Вооруженные Силы России значительно усилят…
1,yes,terrorism,2,vesti:922e2caf99,vesti,2026-09-18,text,yes,,МИД РФ осудил атаки на руководителей избиркомов в Запорожской области,"…ее семьи, в том числе девятилетний ребенок. Решительно осуждаем эти зверские [[теракты]], которым не может быть никакого оправдания Следственный комитет РФ 17 сентября…"
1,yes,terrorism,3,iz:cfe3e4b805,iz,2026-09-13,text,yes,,СК возбудил уголовное дело после атаки дронов на Нижнекамск,…комитета Российской Федерации возбуждено уголовное дело по факту [[террористической атаки]] вооруженных формирований Украины на город Нижнекамск Республики…
1,yes,terrorism,4,lenta:b3b98e74f5,lenta,2026-09-08,text,yes,,"Атака БПЛА на Саратов сегодня: пострадавшие, последствия, подробности",…СК на атаки ВСУ В Перми возбудили уголовное дело по статье 205 («[[Террористический акт]]») УК РФ после атаки на город беспилотниками ВСУ. Следователи организовали…
1,yes,terrorism,5,aif:71f426568f,aif,2026-09-10,text,yes,,ВСУ покарали за удары по Махачкале и Ямалу: главная новость СВО 10 сентября,"…28 человек, включая двоих детей. По словам Дандыкина, ответом на [[террористические атаки]] ВСУ является регулярная работа по выявлению и уничтожению объектов ВПК и…"
1,yes,terrorism,6,iz:e66c9b42d1,iz,2026-09-07,headline,yes,,Уголовное дело о теракте возбудили в связи с атаками ВСУ на Пермь,Уголовное дело о [[теракте]] возбудили в связи с атаками ВСУ на Пермь
1,yes,terrorism,7,vesti:ddfa4ff40e,vesti,2026-09-10,text,yes,,Мэр Сочи рассказал о состоянии пострадавшего при атаке БЭК подростка,…ества пострадавших при атаке БЭК до 28. Среди них также двое детей. По факту произошедшего СК возбудил уголовное дело о [[теракте]].
1,yes,terrorism,8,gazeta:3f32c5a433,gazeta,2026-09-04,headline,yes,,СК возбудил дело о теракте после атаки украинских войск на автобус в ДНР,СК возбудил дело о [[теракте]] после атаки украинских войск на автобус в ДНР
1,yes,terrorism,9,iz:1bb7203263,iz,2026-09-13,text,yes,,Минздрав заявил о тяжелом состоянии двоих пострадавших при атаке на Нижнекамск,… информацию о состоянии раненых. По факту случившегося было возбуждено уголовное дело в соответствии со ст. 205 УК РФ («[[Террористический акт]]»).
1,yes,terrorism,10,life:54d07de30e,life,2026-09-11,text,yes,,"«Недалёк тот час»: Украина рискует навлечь на себя весь гнев российского «Орешника», предупредили в ГД","…провоцировать Москву на ответные меры. Он обратил внимание на [[террористическими атаки]] украинской армии, целями которой становятся гражданские объекты и мирные…"
1,yes,terrorism,11,life:7fba98959a,life,2026-09-09,text,yes,,Буданов получил новый заочный арест в России по делу о запрещённых методах войны,"…моста. Тогда ему вменили создание террористического сообщества, подготовку [[теракта]] и незаконный оборот оружия и взрывчатых веществ. В декабре того же года…"
1,yes,terrorism,12,iz:5542e2041d,iz,2026-09-18,text,yes,,На месте Каховской ГЭС построят новое гидротехническое сооружение,"…только после установления мира и устранения угроз безопасности. В результате [[теракта]], совершенного Вооруженными силами Украины (ВСУ) 6 июня 2023 года, произошел…"
1,yes,terrorism,13,iz:2adf008253,iz,2026-09-17,text,yes,,Бывший пресс-секретарь Зеленского назвала его мерзотой,"…Мария Захарова 6 сентября указала, что Зеленский принимает заказы на совершение [[терактов]] и уже превзошел террориста Усаму бен Ладена, став прямой угрозой для всего…"
1,yes,terrorism,14,mk:1a9c5a4002,mk,2026-09-15,text,yes,,После ракетной атаки на Таганрог возбуждено уголовное дело,"…дело. В сообщении уточняется, что дело возбуждено по статье 205 УК РФ – о [[теракте]]. По версии следствия, в ночь на вторник ВСУ совершили ракетный обстрел объектов…"
1,yes,terrorism,15,iz:f8305199ca,iz,2026-09-04,text,yes,,Политолог оценил состояние ПВО Киева после удара дрона по зданию СБУ,"…главы СБУ Александра Поклада, личность которого связывают с организацией [[терактов]] на территории России, в том числе с атаками на Крымский мост и концертный зал…"
1,yes,terrorism,16,rg:c6d1c30ad2,rg,2026-09-07,text,yes,,Один погибший и четверо раненых. Что известно о налете БПЛА на Пермь 7 сентября,"…атаки на Пермь следственный комитет возбудил уголовное дело по статье 205 УК РФ ([[теракт]]), следователи выясняют конкретных лиц, причастных к нападению. Жители…"
1,yes,terrorism,17,ria:c913ef2bb3,ria,2026-09-19,text,yes,,"""Угрожает всем"". В Финляндии пришли в ярость из-за дерзкого решения Киева","…опасности всю Европу. Если бы это сделала Россия, они бы назвали это [[террористическим актом]], угрожающим всему миру. Самое глупое в этом то, что мы являемся…"
1,yes,terrorism,18,gazeta:70e9ac8a40,gazeta,2026-09-24,text,no,"a terror plot in Poland, not Ukraine's state",В Польше умер один из пострадавших при нападении украинца с ножом,"…е учреждения, состояние троих из них оценивалось как угрожающее жизни. Ранее в Польше задержали подростка за подготовку [[терактов]]."
1,yes,terrorism,19,gazeta:86b6ef965b,gazeta,2026-09-02,text,yes,,"«Ковры», конечно, будут»: Минтранс сделал заявление после угроз Зеленского гражданской авиации","…стратегию проведения военной операции. «Если будут проводиться [[террористические акты]], тогда будет несколько иная постановка вопроса. Я думаю, будет изменение…"
1,yes,terrorism,20,gazeta:337111be9a,gazeta,2026-09-15,text,yes,,«Зима будет тяжелой». Почему в Европе говорят о решающих неделях конфликта на Украине,"…их возможность сопротивляться, а также обеспечивает те самые [[террористические атаки]] — все это невозможно не заметить. В Европе видят плачевное состояние…"
1,yes,terrorism,21,iz:af8f4c7342,iz,2026-09-03,text,yes,,Журналист раскритиковал реакцию Запада на угрозы Зеленского в адрес РФ,"…роблем на внешние. Парламентарий добавил, что украинскому лидеру не удастся реализовать задуманное, а попытки совершить [[теракты]] повлекут за собой массированный ответ."
1,yes,terrorism,22,ria:3c4203dcc3,ria,2026-09-25,text,yes,,"В дни выборов от врагов шел постоянный поток угроз, заявила Памфилова","…голосования... Ложные сообщения о минировании избирательных участков, о [[терактах]] Запорожской области"", - сказала Памфилова на заседании ЦИК России о результатах…"
1,yes,terrorism,23,gazeta:a0a50e1413,gazeta,2026-09-25,text,yes,,Губернатор Ульяновской области раскрыл последствия атаки ВСУ на региональный центр,…Следственный комитет России возбудил уголовное дело по статье о [[террористическом акте]]. Ранее в Ульяновске детсад и несколько домов остались без воды после…
1,yes,terrorism,24,gazeta:2d89d449d6,gazeta,2026-09-01,lead,no,Polish services suspect sabotage at a drone factory,В Польше назвали возможную причину пожара на фабрике дронов,"TVP Info: спецслужбы Польши допускают, что пожар на фабрике дронов был [[терактом]]"
1,yes,terrorism,25,iz:55a69a00c2,iz,2026-09-01,text,yes,,Песков указал на отсутствие аргументации в обвинениях Германии против России,"…придуманным поводом. Она добавила, что при этом Германия замарана разжиганием украинского конфликта и участием в [[террористических актах]] против мирных жителей."
1,yes,mercenaries,1,aif:e5cefc78ce,aif,2026-09-05,lead,yes,,Украинцев призвали прятаться в подвалах: на базах ВСУ начинаются бунты,Иностранные [[наемники]] на Украине начали убивать друг друга. Чем это обернется для киевского режима - в эксклюзивном матер…
1,yes,mercenaries,2,rt-ru:c5675bbcd8,rt-ru,2026-09-05,text,yes,,ВС России поразили объекты транспортной инфраструктуры Украины,"…пунктам временной дислокации украинских вооружённых формирований и иностранных [[наёмников]] в 158 районах», — говорится в сообщении. Ранее сообщалось, что ВС России…"
1,yes,mercenaries,3,ria:87f0270efe,ria,2026-09-18,text,yes,,"ВС России вывели из строя инфраструктуру портов, хранивших грузы для ВСУ","…пункты временной дислокации украинских вооруженных формирований и иностранных [[наемников]]. ""Кроме того, выведены из строя ряд объектов инфраструктуры украинских портов,…"
1,yes,mercenaries,4,iz:7d523e4d76,iz,2026-09-10,text,yes,,Карта спецоперации на Украине 10 сентября,"…пунктам временной дислокации украинских вооруженных формирований и иностранных [[наемников]] в 146 районах. Средствами ПВО были сбиты шесть управляемых авиационных бомб,…"
1,yes,mercenaries,5,iz:2f3a385b3c,iz,2026-09-04,text,yes,,ВС России ударили по логистическому центру и двум сухогрузам на Украине,"…нергетической и транспортной инфраструктуры, а также пункты временной дислокации украинских подразделений и иностранных [[наемников]]."
1,yes,mercenaries,6,tsargrad:2607b0ed30,tsargrad,2026-09-10,text,no,recruiting mercenaries in Central Asia (for Russia),"В Казахстане задержали организатора ""Бессмертного полка"". Кто и почему на неё донёс?","…в Оше Наталья Секерина, арестованная в 2025 году по подозрению в вербовке [[наёмников]]. В Азербайджане летом 2025 года жёстко задержали русских журналистов и…"
1,yes,mercenaries,7,life:1b6164ce64,life,2026-09-13,text,yes,,ВС РФ ударили по объектам железной дороги для военных грузов из Европы,"…ства беспилотников и наземных роботизированных систем, а также пунктам размещения украинских формирований и иностранных [[наёмников]]."
1,yes,mercenaries,8,life:79e73d83ec,life,2026-09-05,text,yes,,ВС РФ поразили «Геранями» логистический центр ВСУ на окраине Киева,"…лерии. Помимо транспортных объектов, под удары попали пункты временной дислокации украинских формирований и иностранных [[наёмников]]. Атаки велись по 158 районам."
1,yes,mercenaries,9,aif:10ec6e936f,aif,2026-09-24,text,yes,,Рушится город-крепость ВСУ: армия РФ подходит к подземной базе Краматорска,"…контроль. Туда же заблаговременно перебросили резервы, в том числе с участием [[наемников]]», — подчеркнул эксперт. Особое внимание враг уделил укреплениям. Поля вокруг…"
1,yes,mercenaries,10,rt-ru:c0b33b041a,rt-ru,2026-09-13,text,yes,,ВС России поразили логистические центры и объекты ТЭК ВСУ,"…пунктам временной дислокации украинских вооружённых формирований и иностранных [[наёмников]] в 146 районах», — указывается в заявлении. Ранее сообщалось, что ВС России…"
1,yes,mercenaries,11,mk:d2a8138fcc,mk,2026-09-20,text,yes,,Оперативно-тактическая авиация и БПЛА нанесли удары по 146 районам ВСУ,…по пунктам временной дислокации украинских военных формирований и иностранных [[наёмников]]. Информация опубликована в Telegram-канале Минобороны РФ. Ранее российское…
1,yes,mercenaries,12,vesti:5ab935070c,vesti,2026-09-22,headline,yes,,Мирошник рассказал о новых схемах Киева для вербовки наемников в ВСУ,Мирошник рассказал о новых схемах Киева для вербовки [[наемников]] в ВСУ
1,yes,mercenaries,13,ria:03b1df2b9c,ria,2026-09-16,headline,yes,,Российские артиллеристы уничтожили пункт управления БПЛА с наемниками,Российские артиллеристы уничтожили пункт управления БПЛА с [[наемниками]]
1,yes,mercenaries,14,gazeta:d97e038987,gazeta,2026-09-19,headline,yes,,ВСУ направили в Харьковскую область наемников из-за тяжелых потерь,ВСУ направили в Харьковскую область [[наемников]] из-за тяжелых потерь
1,yes,mercenaries,15,rg:8a142a2a71,rg,2026-09-16,headline,yes,,Пленный из ВСУ раскрыл подробности подготовки иностранных наемников,Пленный из ВСУ раскрыл подробности подготовки иностранных [[наемников]]
1,yes,mercenaries,16,ukraina:5ee093a7d5,ukraina,2026-09-21,text,no,a historical essay on the Cossacks,Запад и казаки: почему нищая Украина будет воевать до последнего,"…только собственному самоуправлению, да ещё царю. Это был скорее лагерь [[наёмников]] и бандитов, готовых за плату и добычу служить кому угодно, но считавших себя…"
1,yes,mercenaries,17,lenta:0e9fd0003e,lenta,2026-09-21,text,yes,,ВСУ перебросили под Харьков бригаду военнослужащих без опыта,…что командование Вооруженных сил Украины доукомплектовало 127-ю бригаду иностранными [[наемниками]]. Таким образом они попытались прорвать окружение в Харьковской области.
1,yes,mercenaries,18,aif:c5d8a725e2,aif,2026-09-10,text,yes,,"Рубят на части. ВС РФ решили, как будут громить ВСУ в харьковском «котле»","…и вывести их из окружения. Для этого он уже неоднократно вводил в бой части [[наемников]] и прочие отряды, однако результата это не дало. И, вероятно, уже не даст. ВС…"
1,yes,mercenaries,19,aif:758ab400e7,aif,2026-09-06,text,yes,,"Грохот в Румынии, Одессу отрезали от НАТО: главная новость СВО 6 сентября","В Одесской области минувшей ночью прогремела серия мощных взрывов. Иностранные [[наемники]] лишились погранперехода на украинскую территорию. А ценный груз НАТО затонул, не…"
1,yes,mercenaries,20,rt-ru:09bdd0e428,rt-ru,2026-09-24,text,yes,,"Боец Аксель рассказал, как его расчёт три месяца находился на позиции в ДНР",…родолжили выполнять задачу. Ранее боец с позывным Счёт рассказал спецкору RT Александру Пискунову о боях с иностранными [[наёмниками]] в районе Никольского Курской области.
1,yes,mercenaries,21,mk:1b8a277fd6,mk,2026-09-18,text,yes,,Объекты ВПК Украины оказались в огне после массированных ударов ВС РФ,"…временного базирования украинских вооруженных формирований и иностранных [[наемников]]. «Кроме того, выведен из строя ряд объектов инфраструктуры украинских портов,…"
1,yes,mercenaries,22,tsargrad:93bd8598ed,tsargrad,2026-09-13,text,yes,,Польша выведет из строя всю энергетику России за шесть недель. Сикорский выступил с неожиданной угрозой,"…тактику с дронами, а поляки этого никак не ожидали. В рядах ВСУ есть польские [[наёмники]] (по слухам, там воюют кадровые офицеры, находящиеся в отпуске), которые…"
1,yes,mercenaries,23,life:59289d62c9,life,2026-09-25,lead,no,Zelensky on North Korean 'mercenaries' (the opposite claim),"«Сеул зависит от США»: Кореевед объяснил, чем скандал с пленными КНДР обернётся для Зеленского","…ореи Ли Чжэ Мён выступил с жёстким заявлением после того, как Владимир Зеленский на Генассамблее ООН сообщил о пленных «[[наёмниках]] из Северной Кореи» и их переправке в Сеул."
1,yes,mercenaries,24,mk:62252f26d6,mk,2026-09-21,text,yes,,Российские войска ударили по инфраструктуре порта Измаил,"…(ВСУ) в боях в зоне спецоперации убитыми и ранеными, включая иностранных [[наемников]], составили около 9 325 человек. Также сообщалось, что силы ПВО уничтожили 32…"
1,yes,mercenaries,25,ria:153c902133,ria,2026-09-21,text,no,an insult ('a mercenary of globalists'),"Тот, кто получает пощечины: Германия на распутье перед войной","…запомнится на поколения вперед. На эту кривую дорожку их изо всех сил толкает [[наемник]] глобалистов канцлер Мерц. Так что голосование, по сути своей, было протестным —…"
1,superseded,biolabs,1,life:ab975a6b0c,life,2026-09-18,headline,no,Anthropic's drug laboratory,Anthropic открыла биолабораторию для поиска лекарств от неизлечимых болезней,Anthropic открыла [[биолабораторию]] для поиска лекарств от неизлечимых болезней
1,superseded,biolabs,2,tsargrad:d8cd60781f,tsargrad,2026-09-04,text,yes,,"«Хватило духу признать»: Шевцов заявил, что США признали свои военные биоразработки","…что национальная разведка США сообщала о более чем 120 американских [[биолабораториях]]. Однако по данным русской стороны, число таких лабораторий значительно выше…"
1,superseded,biolabs,3,ria:d89e3f1904,ria,2026-09-23,headline,yes,,Лавров: военно-биологическая активность некоторых стран вызывает вопросы,Лавров: [[военно-биологическая]] активность некоторых стран вызывает вопросы
1,superseded,biolabs,4,aif:55c9b71c04,aif,2026-09-24,text,yes,,Заражают детей и солдат: раскрыты жуткие детали опытов НАТО,"…заражения листериозом. Военный эксперт, бывший член комиссии ООН по [[биологическому оружию]] Игорь Никулин в эксклюзивной беседе с aif.ru рассказал, как это связано с…"
1,superseded,biolabs,5,life:ec84eb700d,life,2026-09-23,headline,yes,,Лавров: Военно-биологическая активность ряда стран вызывает вопросы,Лавров: [[Военно-биологическая]] активность ряда стран вызывает вопросы
1,superseded,biolabs,6,ria:ff58b47122,ria,2026-09-18,headline,no,Anthropic's drug laboratory,СМИ: ИИ-разработчик тайно запустил биолабораторию для создания лекарств,СМИ: ИИ-разработчик тайно запустил [[биолабораторию]] для создания лекарств
1,superseded,biolabs,7,lenta:abb8fbafc4,lenta,2026-09-01,text,yes,,В России обеспокоились вероятностью искусственной природы вспышки лихорадки Западного Нила,"…напомнил, что российская разведка давно рассекретила множество западных [[биолабораторий]] на территориях бывших республик СССР, включая Украину. Национальная разведка…"
1,superseded,biolabs,8,aif:c4aade9fbe,aif,2026-09-04,headline,yes,,Американский политик признала финансирование США биолабораторий на Украине,Американский политик признала финансирование США [[биолабораторий]] на Украине
1,superseded,biolabs,9,tass-en:533b3b7591,tass-en,2026-09-23,headline,yes,,Russia concerned about military-biological activities of several countries — Lavrov,Russia concerned about [[military-biological]] activities of several countries — Lavrov
1,superseded,biolabs,10,aif:2df6d58387,aif,2026-09-25,text,yes,,Раскрыты шокирующие опыты НАТО на Украине: главная новость СВО 25 сентября,"…заражения листериозом. Военный эксперт, бывший член комиссии ООН по [[биологическому оружию]] Игорь Никулин в эксклюзивной беседе с aif.ru рассказал, как это связано с…"
1,superseded,biolabs,11,gazeta:2ed7bc841e,gazeta,2026-09-16,text,no,North Korea's law on nuclear forces,КНДР пригрозила США и Южной Корее своим законом о ядерных силах,"…объявлением конфронтации», которое «делает применение ядерного и [[биологического оружия]] свершившимся фактом и ускоряет практическую подготовку к его…"
1,superseded,biolabs,12,mk:70655f0b81,mk,2026-09-19,text,no,US legislation on AI,Трамп объявил о создании «Сил искусственного интеллекта»,…регулярно публиковать отчеты о неожиданном поведении ИИ. Компания также поддержала законопроекты в Конгрессе об угрозах [[биологического оружия]]. Читайте также:
1,superseded,biolabs,13,gazeta:f84efcbcaf,gazeta,2026-09-23,headline,yes,,Лавров выразил опасения из-за военно-биологической активности некоторых стран,Лавров выразил опасения из-за [[военно-биологической]] активности некоторых стран
1,superseded,biolabs,14,mk:5f08924ac5,mk,2026-09-23,text,yes,,Стартовали переговоры Лаврова и Рубио в США,…в связи с непрозрачной деятельностью некоторых зарубежных государств в [[военно-биологической]] сфере. Глава российского внешнеполитического ведомства Сергей Лавров…
1,superseded,biolabs,15,rg:6d32a31044,rg,2026-09-16,text,no,North Korea,КНДР пригрозила применением закона о ядерных силах из-за США и Южной Кореи,"…о конфронтации"", допускающем использование ядерного, химического и [[биологического оружия]] против Северной Кореи в случае конфликта на Корейском полуострове. ""Это…"
1,superseded,biolabs,16,iz:249169f03f,iz,2026-09-04,text,no,Baltic war insurance,Жителям Прибалтики начали предлагать страхование жилья на случай войны,"…предусмотрены за последствия применения ядерного оружия, химического или [[биологического оружия]], а также кибер- и электронных атак. Дополнительная защита станет доступна…"
1,superseded,biolabs,17,aif:c80737084f,aif,2026-09-23,headline,yes,,Лавров: военно-биологическая активность ряда стран вызывает вопросы,Лавров: [[военно-биологическая]] активность ряда стран вызывает вопросы
1,superseded,biolabs,18,iz:903851df5e,iz,2026-09-07,text,yes,,Посольство США проведет пятидневный семинар в бункере во Львове,"…16 мая стало известно, что США финансировали создание по меньшей мере 13 [[биолабораторий]] на территории Украины. В документах указано, что на возведение и оснащение…"
1,superseded,biolabs,19,tsargrad:e880d66db8,tsargrad,2026-09-04,text,yes,,"Россия сорвала биологическую атаку? Шевцов открыто сказал: ""У американцев наконец хватило духу признать""","…что национальная разведка США докладывала о более 120 американских [[биолабораториях]]. Однако русская разведка считает, что их свыше 330. КОЛЛАЖ ЦАРЬГРАДА Стоит…"
1,superseded,biolabs,20,pnp:93a095bdc9,pnp,2026-09-16,text,no,North Korea,Минобороны КНДР предупредило о возможном применении ядерного оружия,"…направленным на подготовку к применению ядерного, химического и [[биологического оружия]] против Северной Кореи в случае войны на полуострове. Отмечается, что…"
1,superseded,biolabs,21,ria:112047e18f,ria,2026-09-24,headline,yes,,"Россия не получила ответ от США по теме биолабораторий, заявил Рябков","Россия не получила ответ от США по теме [[биолабораторий]], заявил Рябков"
1,superseded,biolabs,22,iz:bf1ff6c8f5,iz,2026-09-18,headline,no,Anthropic,Reuters узнало о тайном открытии Anthropic биолаборатории для создания лекарств,Reuters узнало о тайном открытии Anthropic [[биолаборатории]] для создания лекарств
1,superseded,biolabs,23,vesti:ed997c81bf,vesti,2026-09-24,text,yes,,Рябков заявил о стремлении Москвы к долгосрочному решению украинского конфликта,"… Кроме того, Рябков обратил внимание на то, что российская сторона так и не получила официальных разъяснений по вопросу [[биолабораторий]] ни от Украины, ни от США."
1,superseded,biolabs,24,rt-ru:a52f822508,rt-ru,2026-09-04,text,yes,,Шевцов: Вашингтону хватило духу признать свои военные биологические разработки,"…МИД России Мария Захарова заявила, что американцы изучали в своих [[биолабораториях]] на территории Украины заболевания, несвойственные региону. В июне офис главы…"
1,superseded,biolabs,25,mk:b8d1b5ed3c,mk,2026-09-23,headline,yes,,МИД заявил об опасениях из-за военно-биологической активности некоторых стран,МИД заявил об опасениях из-за [[военно-биологической]] активности некоторых стран
1,superseded,nuclear-threat,1,gazeta:0b62fbfff0,gazeta,2026-09-15,headline,yes,,В Госдуме призвали уничтожить «Орешником» европейские оружейные заводы,В Госдуме призвали уничтожить «[[Орешником]]» европейские оружейные заводы
1,superseded,nuclear-threat,2,tass-en:660f14b9f3,tass-en,2026-09-17,text,no,the BARS-Sarmat training ground,New antenna complex for ultra-long-range communications to be tested in Donbass,"…region in the near future. Previous tests took place in urban areas, at the BARS-[[Sarmat]] special-purpose training ground, and directly in combat conditions. Military…"
1,superseded,nuclear-threat,3,life:687cb9af2d,life,2026-09-05,text,no,the United States and Iran,Трамп допустил скорый удар США по ядерным объектам Ирана у горы Пикакс,"…Кирка. В конце августа Трамп заявил, что Вашингтон не планирует [[применять ядерное]] оружие против Ирана. При этом американский президент не исключил новые военные…"
1,superseded,nuclear-threat,4,tsargrad:d1d8c96648,tsargrad,2026-09-02,text,no,the United States and Iran,"Иран наносит ответный удар: базы США в руинах, будущее неясно","…что перед ноябрьскими выборами Трамп нанесёт мощный удар, возможно, [[тактическим ядерным]] оружием по месту расположения иранских центрифуг. «Такой сценарий…"
1,superseded,nuclear-threat,5,lenta:8db9726996,lenta,2026-09-16,headline,yes,,В России назвали приближающие ядерную войну действия стран ЕС,В России назвали приближающие [[ядерную войну]] действия стран ЕС
1,superseded,nuclear-threat,6,inosmi:70727366ac,inosmi,2026-09-15,text,yes,,"Немцы посмеялись над Сикорским: Россия разгромит Польшу за несколько недель (Die Welt, Германия)","…разгромит Польшу за несколько недель. Самое позднее — когда будет [[применено ядерное]] оружие. Варшава легкомысленно ищет конфликта и поддается ""мании величия"", опираясь…"
1,superseded,nuclear-threat,7,rt:aef3377161,rt,2026-09-12,lead,yes,,We’re on the brink of world war that ends with nuclear weapons – Carlson to GU,…ve journalist Tucker Carlson has warned that the world is on the brink of a conflict that could ultimately end with the [[use of nuclear]] weapons in an interview with Going Underground host Afshin Rattansi broadcast on RT
1,superseded,nuclear-threat,8,rg:cecd6450fe,rg,2026-09-21,text,no,the ancient Sarmatians,Почему знаменитый Тур Хейердал искал бога Одина под Азовом - 25 лет экспедиции - Родина,"…город Асгард, родину асов. В античные времена это племя, одно из ответвлений [[сарматов]], мигрировало с берегов Танаиса (древнее название реки Дон) в Скандинавию. Вождь…"
1,superseded,nuclear-threat,9,gazeta:6237e8db87,gazeta,2026-09-04,text,no,a bunker that could withstand a nuclear strike,"«Я был там полтора года». Сибига признался, что жил в бункере с Зеленским","…что этот бункер настолько хорошо защищен, что в теории способен выдержать [[ядерный удар]]. Эту же информацию изданию подтвердил и бывший депутат Верховной рады Украины…"
1,superseded,nuclear-threat,10,mk:a32653ef71,mk,2026-09-18,text,yes,,Военная бравада Польши разбилась об «Искандеры» в Калининграде,"…бы масштабом и характером угрозы, а также положениями российской [[ядерной доктрины]]. Таким образом, заявления о быстрой победе над Россией эксперт InfoBRICS…"
1,superseded,nuclear-threat,11,rg:6a321b2fa2,rg,2026-09-10,text,no,a Soviet exercise 70 years ago,Секретные учения: 70 лет назад советских десантников выбросили в эпицентр ядерного взрыва,…который должен был ответить на вопрос: через какое время после [[ядерного удара]] можно посылать в зону поражения живую силу и как долго люди смогут без риска…
1,superseded,nuclear-threat,12,aif:ba92f49530,aif,2026-09-10,text,no,Iran,Иран окреп и напугал Запад: раскрыта уязвимость американских баз в Европе,"…самых современных. Иран готов к любому развитию событий. Даже применение [[тактического ядерного]] оружия по иранским заводам, где, возможно, находятся центрифуги по…"
1,superseded,nuclear-threat,13,life:aa831a8502,life,2026-09-11,headline,yes,,Полчаса — и нет Британии: «Посейдон» и «Сармат» превратят спесь Лондона в радиоактивный пепел,Полчаса — и нет Британии: «[[Посейдон]]» и «Сармат» превратят спесь Лондона в радиоактивный пепел
1,superseded,nuclear-threat,14,aif:d4d548f2d2,aif,2026-09-10,text,no,Iran,Удар Ирана обезоружил США и напугал ЕС: главная новость войны 10 сентября,"…самых современных. Иран готов к любому развитию событий. Даже применение [[тактического ядерного]] оружия по иранским заводам, где, возможно, находятся центрифуги по…"
1,superseded,nuclear-threat,15,lenta:d7976bc6d1,lenta,2026-09-01,lead,yes,,Пападакис увидел в действиях Евросоюза путь к ядерной катастрофе,Планы Европейского союза (ЕС) по созданию собственной [[ядерной доктрины]] и формированию «европейского ядерного столпа» ведут к эскалации напряженности в отношениях с Россие…
1,superseded,nuclear-threat,16,tsargrad:6218cffc90,tsargrad,2026-09-08,headline,yes,,"""Россия, потеряв многое, сохранит главное"": Инсайдер оценил последствия после обмена ядерными ударами с США","""Россия, потеряв многое, сохранит главное"": Инсайдер оценил последствия после обмена [[ядерными ударами]] с США"
1,superseded,nuclear-threat,17,iz:63b536c4c2,iz,2026-09-16,text,yes,,Захарова назвала деятельность Каллас «абсолютным позором» европейской политики,"…для Европы. По его мнению, она пытается втянуть все европейские страны в [[ядерную войну]], произнося «чушь о гибридных угрозах». На этом фоне политик призвал главу…"
1,superseded,nuclear-threat,18,lenta:989b091828,lenta,2026-09-25,text,yes,,В России высказались о роли «Бандеролей» в ударах по Одессе,"…обидно, плохо и больно. Это наш шаг вперед совершенно очевидный, такой же как ""[[Орешник]]"" и другие средства, доказавшие эффективность. Всему свое время, мы совершенно…"
1,superseded,nuclear-threat,19,vesti:608d01be38,vesti,2026-09-09,lead,no,a general report on nuclear risk,"Ядерная эскалация стала меньше пугать мировых лидеров, пишут СМИ","Страх перед последствиями [[применения ядерного]] оружия, который во времена холодной войны помогал сдерживать эскалацию, ослаб среди лидеров крупней…"
1,superseded,nuclear-threat,20,lenta:f35a04ae9d,lenta,2026-09-02,text,yes,,В России рассказали о подготовке к ударам по объектам в Европе,"…с выпуском военной продукции. При этом Светов считает, что [[применение ядерного]] оружия в подобной ситуации маловероятно. В качестве одного из возможных средств он…"
1,superseded,nuclear-threat,21,aif:68f5d532bb,aif,2026-09-10,text,no,Iran,Захвачены секреты Пентагона: военные США прячутся под землю от ударов Ирана,"…самых современных. Иран готов к любому развитию событий. Даже применение [[тактического ядерного]] оружия по иранским заводам, где, возможно, находятся центрифуги по…"
1,superseded,nuclear-threat,22,lenta:210daa29b3,lenta,2026-09-01,text,no,the safest place on Earth in a catastrophe,Названо самое безопасное место на Земле в случае глобального катаклизма,"…Рассматривались варианты от падения астероидов и извержений вулканов до [[ядерной войны]] и биологических угроз. Специалисты пришли к выводу, что наибольшие шансы…"
1,superseded,nuclear-threat,23,inosmi:bd780acd7d,inosmi,2026-09-22,text,yes,,"Все сходится здесь. Теория о войне НАТО с Россией может стать практикой (Jutarnji.hr, Хорватия)","…свою территорию, а нападет на территорию Российской Федерации. Новая [[ядерная доктрина]] Новая российская ядерная доктрина ноября 2024 года включает в число военных…"
1,superseded,nuclear-threat,24,ria:8ce3dd42b8,ria,2026-09-12,text,no,a BRICS statement on arms control,"Глобальные перемены: о чем предупредили Путин, Моди и Си на саммите БРИКС",…— отметил Моди. В документе выразили обеспокоенность усиливающимися рисками [[ядерной войны]] и призвали укреплять контроль над вооружениями и их нераспространением. Также…
1,superseded,nuclear-threat,25,aif:5a57275a91,aif,2026-09-15,text,yes,,Евродепутат от Словакии назвал Каллас главной гибридной угрозой для Европы,"…для Европы» — это не русские, а Каллас, которая хочет втянуть Европу в [[ядерную войну]]. «Вы — подстрекатель к войне, госпожа Каллас. Пошли вы уже куда подальше!» —…"
1,yes,genocide-claims,1,ria:7ebeace9b7,ria,2026-09-16,text,yes,,В Госдуме рассказали о принятых законах по защите исторической памяти,"…новые дни воинской славы и новые памятные даты, закреплено понятие [[геноцида советского народа]] в период Великой Отечественной войны и формы увековечения памяти его…"
1,yes,genocide-claims,2,gazeta:b0c5ff3a51,gazeta,2026-09-02,text,yes,,Захарова заявила о росте неонацизма в Европе,"…суды юридически признали действия нацистской Германии и ее союзников [[геноцидом советского народа]]. 26 августа Захарова заявила, что власти ФРГ испытывают такую же…"
1,yes,genocide-claims,3,ria:d28862e46f,ria,2026-09-08,headline,yes,,Захарова: совет по памяти жертв геноцида советского народа начал работу,Захарова: совет по памяти жертв [[геноцида советского народа]] начал работу
1,yes,genocide-claims,4,rg:24ee6028db,rg,2026-09-22,text,yes,,"Генпрокуратура требует признать ""лесных братьев"" нацистскими преступниками","…как военных преступников, но как пособников нацистов и совершавших [[геноцид советского народа]] - такого приговора до сих пор не было"", - пояснил научный руководитель…"
1,yes,genocide-claims,5,kremlin:7d8eb61031,kremlin,2026-09-04,text,yes,,Заседание Российского организационного комитета «Победа»,"…организации и сами граждане. Один из примеров – Музей памяти жертв [[геноцида советского народа]]. Он открыт в Москве 22 июня, в день 85-й годовщины начала Великой…"
1,yes,genocide-claims,6,ria:7b618f8e2a,ria,2026-09-08,headline,yes,,"Россия будет добиваться признания геноцида советского народа, заявил Лавров","Россия будет добиваться признания [[геноцида советского народа]], заявил Лавров"
1,yes,genocide-claims,7,rg:0d134a5c0d,rg,2026-09-08,text,yes,,В деле о геноциде во время блокады Ленинграда появляются новые эпизоды,"…и теория о ""расовой чистоте арийской нации"". Уголовное дело по факту [[геноцида советского народа]] и сегодня может пополняться новыми эпизодами. Ведется проверка…"
1,yes,genocide-claims,8,rg:c44e443233,rg,2026-09-14,text,yes,,"""Невозможно создать национальную ценность с нуля"". Как в России и Беларуси возрождают искусство социального плаката","…в прошлом году прислали на конкурс ""Общая память России и Беларусь. [[Геноцид советского народа]]"" молодые люди из России и Беларуси. ""Нам кажется, что это локальные…"
1,yes,genocide-claims,9,aif:fde726cad5,aif,2026-09-08,text,yes,,Лавров обвинил Запад в попытке оправдать «гитлеровских палачей»,"…к первому заседанию экспертного совета по увековечиванию памяти жертв [[геноцида советского народа]]. По словам главы МИД, в странах «коллективного Запада» продолжается…"
1,yes,genocide-claims,10,lenta:a7faa8b869,lenta,2026-09-08,lead,yes,,Лавров назвал актуальной инициативу «Единой России» по увековечению памяти жертв геноцида,…странных дел Сергей Лавров открыл первое заседание экспертного совета «Единой России» в сфере увековечения памяти жертв [[геноцида советского народа]]. Заседание…
1,yes,genocide-claims,11,tass-en:1fc2307794,tass-en,2026-09-15,text,yes,,"IN BRIEF: Russian Foreign Minister on asset dispute, threats to freedom of navigation","…of Justice is still considering one question: whether Ukraine committed [[genocide in Donbass]]. ""It remains under consideration by the court."" - Russia provided the…"
1,yes,genocide-claims,12,lenta:c15130ca41,lenta,2026-09-15,text,yes,,На МФМ-2026 представлены проекты по сохранению исторической памяти,"…Шарля де Голля Пьер де Голль. Раздел «Преступление» посвящен [[геноциду советского народа]] в 1941–1945 годах. В основе экспозиции — директивные документы,…"
1,yes,genocide-claims,13,ria:d2336a20ab,ria,2026-09-08,text,yes,,В Петербурге почтили память жертв блокады Ленинграда,…городской суд в октябре 2022 года признал военным преступлением и [[геноцидом советского народа]] действия нацистов в период блокады Ленинграда. Собранные прокуратурой…
1,yes,genocide-claims,14,lenta:00c3081961,lenta,2026-09-14,text,yes,,Выставка «Память объединяет» открыта для участников Международного фестиваля молодежи,…в три ключевые смысловые части. Первая – «Преступление» посвящена [[геноциду советского народа]] 1941-1945 годов. Различные архивные документы и фото можно изучить в…
1,yes,genocide-claims,15,pnp:cac2c9d7f5,pnp,2026-09-01,text,yes,,В программу патриотического воспитания в Петербурге включат материалы о геноциде,"…В программы этого направления хотят включить материалы, посвященные [[геноциду советского народа]] в период Великой Отечественной войны. Как указано в пояснительной…"
1,yes,genocide-claims,16,pnp:7e7788e5c4,pnp,2026-09-08,text,yes,,Матвиенко: Блокада Ленинграда — страшное преступление против человечности,"…что 85-летие начала блокады — повод напомнить всему миру о чудовищном [[геноциде советского народа]], осуществленном фашистскими европейскими режимами, чьи воинские…"
1,yes,genocide-claims,17,gazeta:1fe91804ff,gazeta,2026-09-15,text,no,hyperbole about electric scooters,Книга Понасенкова снова в продаже после его исключения из реестра иноагентов,…задачей он называл решение проблемы с электросамокатами. «Это абсолютный [[геноцид русского]] населения: беременные и пожилые люди не могут нормально ходить по тротуарам…
1,yes,genocide-claims,18,rg:1dc0db592d,rg,2026-09-08,text,yes,,Как жил героический Ленинград в кольце блокады,…тысяч. Санкт-Петербургский городской суд признал блокаду Ленинграда [[геноцидом советского народа]]. На слушаниях прокуратура представила уточненную информацию по числу…
1,yes,genocide-claims,19,ria:271cd8df3c,ria,2026-09-14,text,yes,,"Международный фестиваль молодежи – 2026: территория, где рождается будущее","…важнейшие события истории: его первая часть посвящена жертвам [[геноцида советского народа]] в годы Великой Отечественной войны, вторая – освободительной миссии…"
1,yes,genocide-claims,20,ria:0dfa8c231c,ria,2026-09-07,text,yes,,"Историческая память является основой идентичности россиян, заявила член ОП",…вопросам реализации федерального закона «Об увековечении памяти жертв [[геноцида советского народа]] в период Великой Отечественной войны 1941–1945 годов». - Малышева…
1,yes,genocide-claims,21,kremlin-en:6a5a0d6df2,kremlin-en,2026-09-04,text,yes,,Meeting of the Pobeda (Victory) Organising Committee,"…them. A case in point is the Museum of Memory of the Victims of the [[Genocide of the Soviet People]]. This museum was inaugurated in Moscow on June 22, which marked the…"
1,yes,genocide-claims,22,gazeta:47eba4b08e,gazeta,2026-09-08,text,yes,,Лавров обвинил Запад в попытке оправдать «гитлеровских палачей»,…к первому заседанию экспертного совета по увековечиванию памяти жертв [[геноцида советского народа]]. «В странах «коллективного Запада» продолжается циничная кампания по…
1,yes,genocide-claims,23,lenta:691272ea6a,lenta,2026-09-02,text,yes,,На фестивале молодежи в Екатеринбурге покажут выставки о героях прошлого и настоящего,"…«Память объединяет» будет состоять из трех тематических частей: жертвы [[геноцида советского народа]] в годы Великой Отечественной войны, освободительная миссия Красной…"
1,yes,genocide-claims,24,ria:aef1e45d6e,ria,2026-09-08,text,yes,,"Запад пытается пересмотреть итоги Второй мировой войны, заявил Лавров","…первого заседания экспертного совета по увековечиванию памяти жертв [[геноцида советского народа]]. ""В странах ""коллективного Запада"" продолжается циничная кампания по…"
1,yes,genocide-claims,25,pnp:68697372e9,pnp,2026-09-04,text,yes,,"Сенаторы рассказали, как в России защищают память о Победе в Великой Отечественной войне","…поддержке этой комиссии Парламентское Собрание приняло заявление «О [[геноциде советского народа]] в ходе Великой Отечественной войны 1941 — 1945 годов», в котором…"
1,superseded,traditional-values,1,kremlin:5ccbc0eefd,kremlin,2026-09-11,text,yes,,Елена Ямпольская провела заседание Организационного комитета второго сезона Всероссийского конкурса «Родная игрушка»,"…игрушки, созданные в том числе на основе российских традиционных [[духовно-нравственных]] ценностей, до каждого ребёнка в нашей стране. «По статистике, которую…"
1,superseded,traditional-values,2,ria:32966b70bc,ria,2026-09-15,text,yes,,"Никто на фестивале молодежи не вспоминает о Западе, заявила Захарова","…что, считаете, что они будут ходить и думать о тех, кто только исповедует [[деструктивную идеологию]] разрушения, ненависти, сегрегации? Конечно, нет!"" - сказала дипломат."
1,superseded,traditional-values,3,ria:0314bd9fa1,ria,2026-09-09,text,yes,,Трамп прокомментировал победу АдГ на выборах в Саксонии,…Она выступает за ужесточение миграционной политики и защиту [[традиционных ценностей]]. Канцлер Германии Фридрих Мерц признал проигрыш своего…
1,superseded,traditional-values,4,iz:fb2a40f944,iz,2026-09-24,text,yes,,Любимова указала на невозможность отмены русской культуры в мире,"…являются частью борьбы, которую Запад, боясь конкуренции, ведет против [[традиционных ценностей]]. На этом фоне Лавров напомнил о недавнем закрытии российского…"
1,superseded,traditional-values,5,rt-ru:9e361789cc,rt-ru,2026-09-12,text,yes,,Казачий фестиваль в Коломенском объединил участников из более чем 40 регионов России,"…этому фестивалю происходит сохранение и приумножение наших традиций, [[традиционных ценностей]]. Мы видим, что мероприятие расширяется, масштабируется», — заявил атаман…"
1,superseded,traditional-values,6,ria:e1462b3ef2,ria,2026-09-09,text,yes,,"Избиратели в Саксонии не купились на антироссийскую карту, заявила Захарова",…Она выступает за ужесточение миграционной политики и защиту [[традиционных ценностей]]. Канцлер Германии Фридрих Мерц признал проигрыш своего…
1,superseded,traditional-values,7,iz:849c3da24b,iz,2026-09-20,text,yes,,Посол рассказал о регулярных обращениях канадцев с просьбой о переезде в Россию,"…иностранцы выбирают Россию, так как разделяют ее традиционные [[духовно-нравственные]] ценности. Для таких граждан предусмотрен специальный визовый механизм. «В…"
1,superseded,traditional-values,8,life:dc7e34242f,life,2026-09-12,text,yes,,«Близка по духу»: 25-летний голландец переехал в Россию вслед за семьёй,"…о гуманитарной поддержке иностранцев, разделяющих традиционные российские [[духовно-нравственные]] ценности. Документ действует с августа 2024 года. После года проживания…"
1,superseded,traditional-values,9,pnp:eac49b9267,pnp,2026-09-11,headline,yes,,"В детсады призвали поставлять игрушки, созданные с учетом традиционных ценностей","В детсады призвали поставлять игрушки, созданные с учетом [[традиционных ценностей]]"
1,superseded,traditional-values,10,mk:57a9d3faae,mk,2026-09-23,lead,yes,,«Дьявол — главный фейкист»: епископ Ряховский призвал религиозные объединения активнее работать в медиасреде,"…ду, 23 сентября, проходит Межрелигиозный медиафорум на тему «Роль традиционных религий России в сохранении и укреплении [[духовно-нравственных]] ценностей». В рамках мероприятия выступил член Комиссии ОП РФ по межнациональным…"
1,superseded,traditional-values,11,vesti:2fcb60e656,vesti,2026-09-12,text,yes,,Нидерландец переехал во Владимирскую область,"…о возможно благодаря указу президента РФ ""Об оказании гуманитарной поддержки лицам, разделяющим традиционные российские [[духовно-нравственные]] ценности""."
1,superseded,traditional-values,12,iz:8dad6467ff,iz,2026-09-21,text,yes,,Выбор сделан,"…весомый блок развития и консервативная доминанта. Опора на традиционные [[духовно-нравственные]] ценности, сохранение нынешней политической системы, обеспечение…"
1,superseded,traditional-values,13,vesti:949e1faaca,vesti,2026-09-13,text,yes,,"В РПЦ надеются, что число православных школ в РФ будет увеличиваться","…преподают и лица в духовном сане Ранее митрополит Псковский и Порховский Матфей заявил, что [[духовно-нравственные]] ориентиры человека должны закладываться еще в детстве."
1,superseded,traditional-values,14,kremlin-en:6a546dfca2,kremlin-en,2026-09-07,text,yes,,Greetings to the Union of Women of Russia on the 85th anniversary of its establishment,"…initiatives aimed at strengthening the institution of the family and [[family values]], and raising the younger generation. I would like to specially note your…"
1,superseded,traditional-values,15,life:e8aa0b15b5,life,2026-09-20,text,yes,,Эксперт «Ночи выборов» призвал строить развитие России без оглядки на другие страны,"…на другие страны, в нашем государстве всё должно опираться на [[традиционные ценности]]. Володенков заявил о роли традиционных ценностей в формировании будущего…"
1,superseded,traditional-values,16,lenta:461e780d6d,lenta,2026-09-24,text,no,film criticism in an obituary,Умерла звезда французского кино Марина Влади. Она была любовью всей жизни Высоцкого,…Королева пчел». Фирменно ироничная и порой издевательская по отношению к [[традиционным ценностям]] лента Феррери обратила на Влади внимание звездных режиссеров авторского…
1,superseded,traditional-values,17,tsargrad:c1e3a9d491,tsargrad,2026-09-17,text,yes,,"Константин Малофеев: ""Нас не любят за то, что Россия восстала против глобальной повестки""","…и исламские проповедники. Именно русская культура напоминает о [[традиционных ценностях]]: о семье, о любви, о классической музыке и классической литературе, где…"
1,superseded,traditional-values,18,ria:e3ae1be219,ria,2026-09-11,text,yes,,В Германии заявили о позоре после странного выступления Мерца в бундестаге,"…Она выступает за ужесточение миграционной политики и защиту [[традиционных ценностей]]. Согласно проведенному опросу, на выборах в земельный парламент…"
1,superseded,traditional-values,19,rg:14cc14e43b,rg,2026-09-24,text,yes,,"Михаил Пиотровский - о форуме объединенных культур, искусственном интеллекте и блокаде Эрмитажа","…не только к празднику меньшинств, но и способствовать сохранению [[традиционных ценностей]]. Потому что традиционные ценности тоже разнообразные. В исламском…"
1,superseded,traditional-values,20,kp:e42a12e79a,kp,2026-09-14,text,yes,,Нижегородское современное искусство показали в Париже,"…современное государство, динамично развивающееся, уважающее и защищающее [[традиционные ценности]] и имеющее многогранную историю. Цель этой уникальной инициативы —…"
1,superseded,traditional-values,21,tsargrad:f2ea555d41,tsargrad,2026-09-11,lead,yes,,Медведев назвал ориентиры развития России на ближайшие годы,"Ориентиром развития России должны стать технологическое лидерство, мощные вооруженные силы, многодетные семьи и [[традиционные ценности]]. Такое видение будущего страны представил заместитель председателя Совета безопасности РФ Дмитрий…"
1,superseded,traditional-values,22,tsargrad:e35a0c6ce2,tsargrad,2026-09-09,text,yes,,Малофеев и Бату Хасиков дали старт работе регионального Клуба 2050 в Калмыкии,"…что определяет будущее нашей страны: сохранение исторической памяти и [[традиционных ценностей]], единство народов России, укрепление семейных и духовных основ общества.…"
1,superseded,traditional-values,23,aif:ec59c79666,aif,2026-09-13,text,yes,,"Официальный сатанизм. Карлсон объяснил, почему Запад ненавидит православие","…заключаются как раз именно в том, что Россия — важнейший оплот [[традиционных ценностей]], всего, что мы под этим понимаем. Здесь и защита здравого смысла, и…"
1,superseded,traditional-values,24,rg:829aba19b4,rg,2026-09-14,text,yes,,Дело в наследство: Как закон о семейном бизнесе поможет регионам СЗФО,"…такие бизнесы из поколения в поколение, укрепляя и экономику, и [[традиционные ценности]], - полагает предприниматель. Для регионов Северо-Запада эффект от…"
1,superseded,traditional-values,25,tsargrad:e6387ac4e5,tsargrad,2026-09-09,text,no,'a traditional family get-together',Пугачёва кричала на Раймонда Паулса. А он снова сидит с ней за одним столом,"…Паулс. Стол при этом заставлен тарелками и блюдами с яствами. Ежегодная [[традиционная семейная]] встреча с маэстро Раймондом Паулсом. Музыка, воспоминания и обязательное…"
1,superseded,western-decadence,1,rt:2d503f09c2,rt,2026-09-08,text,no,news of a dating app's data lawsuit,Grindr to pay millions to settle UK lawsuit over HIV data sharing,[[LGBTQ]] dating app faces hefty payout over HIV data US-based LGBTQ dating app Grindr has agreed to a multi …
1,superseded,western-decadence,2,gazeta:88d02f6959,gazeta,2026-09-21,lead,yes,,Журналиста Кашина обвинили в пропаганде нетрадиционных сексуальных отношений,Роскомнадзор обвинил журналиста Кашина в [[пропаганде ЛГБТ]] из-за аниме-мема
1,superseded,western-decadence,3,gazeta:1087e2896d,gazeta,2026-09-06,text,no,the legally required note on the 'LGBT movement',«Мы русские — с нами Бог!»: как верующие прошли по улицам Москвы с молитвой о победе,"…в наших монастырях? Казино и гей-клубы («Международное общественное движение [[ЛГБТ]]» признано экстремистским и террористическим, запрещено на территории РФ)», — с…"
1,superseded,western-decadence,4,inosmi:46fb929c69,inosmi,2026-09-11,text,yes,,"Натовцы передали Украине оружие, от которого нет никакого толка (Military Watch Magazine, США)","…24 11 сентября, 18:19 11 Ф16 - это величайший символ дружбы бандеростана и [[гейропы]]. А символам не нужны ракеты. Сколько их ждали, какие надежды возлагали! Их…"
1,superseded,western-decadence,5,kp:d3c21a56de,kp,2026-09-24,text,no,"the same note, under royal gossip",Скандал вокруг короля Карла III: брат принцессы Дианы рассказал о его грязной тайне,"…она настояла, чтобы его не было в ближайшем окружении короля. Карл сильно расстроился, но просьбу исполнил. *Движение [[ЛГБТ]] признано экстремистским и запрещено в России."
1,superseded,western-decadence,6,iz:5851bf14dc,iz,2026-09-04,text,yes,,Росфинмониторинг внес объединение Александра Галицкого в список экстремистов,"…и корпорация. Помимо этого, в перечень внесен московский комьюнити-центр для [[ЛГБТ]]-инициатив (движение признано экстремистским и запрещено в РФ). Суд 23 марта по…"
1,superseded,western-decadence,7,gazeta:f85db01b2a,gazeta,2026-09-23,headline,yes,,В Кургане с наркотиками задержан проукраинский ЛГБТ-идеолог,В Кургане с наркотиками задержан проукраинский [[ЛГБТ]]-идеолог
1,superseded,western-decadence,8,aif:e911d85bc8,aif,2026-09-01,text,no,the same note,"Дочь Брижит Макрон встречается с парнем, который годится ей в сыны","…намерена пройти генетическую экспертизу, которая подтвердит её женскую биологическую идентичность. * [[ЛГБТ]]-движение признано экстремистским и запрещено на территории РФ."
1,superseded,western-decadence,9,kp:c324e9a595,kp,2026-09-09,text,yes,,«Зосима все знал»: как сбываются предсказания легендарного старца об СВО,"…надвигается черная туча — бандеровское иго похлеще татаро-монгольского: [[сатанинская]] ненависть ко всему русскому, ко всему светлому и святому». Однако,…"
1,superseded,western-decadence,10,gazeta:9bc3febfac,gazeta,2026-09-24,text,no,the same note,"Курьер, ставший звездой: биография Сергея Соседова, погибшего после падения","…свою нетрадиционную сексуальную ориентацию («Международное общественное движение [[ЛГБТ]]» признано экстремистским и террористическим, запрещено на территории РФ). При…"
1,superseded,western-decadence,11,tsargrad:f9f82f0615,tsargrad,2026-09-19,text,yes,,"""Газпром"" потерял 30 миллиардов за 2 года: Это неприятный звоночек","…ответственности. Поводом для этого стала демонстрация на телеканале ""Киномикс"" [[ЛГБТ]]*-пропаганды (в фильме ""Облачный атлас""). Компанию оштрафовали на 1 млн рублей -…"
1,superseded,western-decadence,12,life:44c10ad012,life,2026-09-25,text,yes,,Минюст внёс проект «Ходорковский* LIVE»** в реестр иноагентов,…выступали против СВО. Они проживают за пределами России. Клепкин** также [[пропагандировал ЛГБТ]]***-отношения. Сам Михаил Ходорковский* был включён Минюстом России в…
1,superseded,western-decadence,13,tsargrad:c4aff7ec8c,tsargrad,2026-09-09,text,yes,,"«Зосима все знал»: Стешин рассказал, как сбываются предсказания старца о Донбассе","…надвигается чёрная туча – бандеровское иго похлеще татаро-монгольского: [[сатанинская]] ненависть ко всему русскому, ко всему светлому и святому». Но несмотря на все…"
1,superseded,western-decadence,14,life:afcbe79190,life,2026-09-08,text,yes,,"«Корёжит от православия»: Политолог объяснил, зачем ВСУ атакуют храмы в зоне СВО",…явно пустым и не имеющим какого-то военного значения? Речь идет именно о [[сатанинской]] природе украинского неонацизма. Главарей киевского режима и их пособников на…
1,superseded,western-decadence,15,life:f30daa6e09,life,2026-09-22,text,no,the same note,"БДСМ оставить в покое, а педофилов — под прицел: криминалист провёл черту между нормой и патологией",…приказом Минздрава в 1999 году. Однако этот документ утратил силу в 2012 году и после этого не обновлялся. * [[ЛГБТ]]-движение признано экстремистским и запрещено в России.
1,superseded,western-decadence,16,vesti:417844c8a8,vesti,2026-09-19,text,yes,,В Петербурге треш-стримеры жестоко убили кролика в прямом эфире,"…известен тем, что издевался над больными людьми и занимался пропагандой движения [[ЛГБТ]] (признано в РФ экстремистским и запрещено). Егор принес животное в дом специально…"
1,superseded,western-decadence,17,vesti:b823397b9c,vesti,2026-09-09,text,yes,,Военкор Стешин заявил о сбывающихся предсказаниях старца Зосимы,"…также другое высказывание Зосимы об Украине, в котором старец предупреждал о ""[[сатанинской]] ненависти ко всему русскому, ко всему светлому и святому"". При этом, по словам…"
1,superseded,western-decadence,18,ria:68cc57199e,ria,2026-09-02,headline,yes,,"На Украине вышло образовательное шоу для подростков, пропагандирующее ЛГБТ*","На Украине вышло образовательное шоу для подростков, [[пропагандирующее ЛГБТ]]*"
1,superseded,western-decadence,19,mk:a22c3642ad,mk,2026-09-14,text,no,the same note,Новый премьер Венгрии начал отменять наследие Орбана,"…Венгрии по-прежнему не разрешены, хотя государство признаёт гражданские союзы. * - Международное общественное движение [[ЛГБТ]] признано экстремистским и запрещено в России."
1,superseded,western-decadence,20,vesti:8c9255d261,vesti,2026-09-21,text,yes,,"Мизулина раскрыла, кто может стоять за треш-стримерами, убившими кролика","…избиения, истязания, как людей, так и животных. Кроме того, встречается и [[пропаганда ЛГБТ]] (движение признано в РФ экстремистским и запрещено), демонстрация…"
1,superseded,western-decadence,21,ria:c46e0c20ab,ria,2026-09-09,headline,yes,,"Госдеп США финансировал русскоязычный подкаст, продвигавший тему ЛГБТ*","Госдеп США финансировал русскоязычный подкаст, продвигавший тему [[ЛГБТ]]*"
1,superseded,western-decadence,22,ria:ba4824b6fc,ria,2026-09-06,text,yes,,"Донской будет небесным мечом приближать победу России, заявил митрополит","…народ трудятся для победы. В том числе, по словам митрополита, идет борьба с [[сатанистами]], которые уничтожают Украинскую православную церковь. В воскресенье специально…"
1,superseded,western-decadence,23,lenta:2df2c0ea36,lenta,2026-09-18,text,yes,,Зампред Верховного суда России подал в отставку,"…получил судья Олег Нефедов. Он известен тем, что рассматривал дела о присвоении [[ЛГБТ]] (международное общественное движение ЛГБТ признано экстремистским и запрещено в…"
1,superseded,western-decadence,24,inosmi:cb55cdab2b,inosmi,2026-09-08,text,yes,,"""Это просто смешно"": в Швеции вскрыли ложь Германии об инциденте в Лейпциге (SwebbTV, Швеция)",…десятилетиями о непрерывных заходах в их воды наших подлодок. Типичная Европа. [[Гейропа]]. Вход на сайт Срок действия ссылки истек Назад Регистрация Регистрация Ваши…
1,superseded,western-decadence,25,iz:ac87da6c34,iz,2026-09-20,text,yes,,Концерт рэпера Madk1d в Москве отменили после визита силовиков в клуб,"…Предполагается, что такие меры были приняты в рамках закона о запрете [[пропаганды ЛГБТ]] (движение признано в России экстремистским и запрещено). Одна из проверок…"
1,superseded,russian-world,1,vesti:a4b200b92f,vesti,2026-09-14,text,yes,,На Камчатке уже более 7 тысяч избирателей проголосовали досрочно,…Государственной думы девятого созыва. Впервые в них примут участие жители новых регионов - Донбасса и [[Новороссии]]. Итоги голосования станут известны 20 сентября.
1,superseded,russian-world,2,tsargrad:f49e589686,tsargrad,2026-09-20,text,yes,,Француз Рибер: Одесса и Харьков станут частью России мирно,"…мирных переговоров, после чего их жители сами изъявят желание войти в состав [[Новороссии]] и тем самым присоединиться к России. Отдельно французский эксперт затронул…"
1,superseded,russian-world,3,tsargrad:2f42e4404b,tsargrad,2026-09-14,text,yes,,"Русские активистки говорили то же самое, что и Токаев. И были арестованы в Казахстане","…же западными стратегами. Но когда они поняли, что это лишь усиливает влияние [[Русского мира]] и русского языка, все эти рудименты гражданского общества успешно…"
1,superseded,russian-world,4,gazeta:ca1ad6d6cc,gazeta,2026-09-09,text,yes,,Живущие в США россияне смогут принять участие в выборах в Госдуму,"…В этом году выборы в Думу также пройдут впервые для жителей Донбасса и [[Новороссии]]. До этого председатель Центризберкома Элла Памфилова заявила, что сентябрьские…"
1,superseded,russian-world,5,vesti:906d1efeec,vesti,2026-09-02,text,yes,,Машков раскрыл абсолютную и видимую цель Путина,"…России, а одна из важных заслуг президента РФ - сохранение всего глобального [[русского мира]], который влиял и будет влиять на мировую экономику, культуру, науку. Ранее…"
1,superseded,russian-world,6,tass:78579032c6,tass,2026-09-26,lead,yes,,Лавров: все угрозы безопасности РФ со стороны Киева будут устранены по итогам СВО,"Начав в 2022 году специальную военную операцию по защите людей Донбасса, [[Новороссии]] от истребления киевским режимом, Россия продолжает бороться за их безопасность и права в полном соо…"
1,superseded,russian-world,7,ukraina:47d548ad8b,ukraina,2026-09-06,text,yes,,"С чем Уиткофф и Кушнер приехали к Путину, Буданов*-миротворец. Хроника событий на утро 6 сентября","…Западу, Америке"", — прокомментировал эту публикацию первый спикер парламента [[Новороссии]] Олег Царёв. По его словам, Буданов* — единственный политик на Украине, у…"
1,superseded,russian-world,8,gazeta:17405fb2b6,gazeta,2026-09-16,headline,yes,,Путин высказался о первом участии жителей Донбасса и Новороссии в выборах в Госдуму,Путин высказался о первом участии жителей Донбасса и [[Новороссии]] в выборах в Госдуму
1,superseded,russian-world,9,rg:e51c6e4474,rg,2026-09-25,text,no,the R-280 'Novorossiya' highway,"В Херсонской области при атаках БПЛА погибли семь мирных жителей, еще 30 ранены","…БПЛА ударили по автомобилям, в которых ехали мирные люди. На трассе Р-280 ""[[Новороссия]]"" пострадали трое человек. В Приморском при атаке погиб сорокалетний водитель…"
1,superseded,russian-world,10,aif:0fcf0897dc,aif,2026-09-20,lead,yes,,Цена за кровь детей. Карателя Донбасса разорвало русской бомбой в Изюме,Дмитрий Колесниченко с 2014 года воевал против [[русского мира]].
1,superseded,russian-world,11,kp:0badfdee15,kp,2026-09-18,text,yes,,Выборы депутатов Госдумы стартовали в России: какие регионы уже успели принять избирателей,"…остальных. Она уточнила, что в них впервые примут участие жители Донбасса и [[Новороссии]]. Президент России Владимир Путин призвал военных тоже проявлять активность и…"
1,superseded,russian-world,12,gazeta:ff44347e11,gazeta,2026-09-15,text,yes,,«Уже год бы жили без войны»: Лавров — об упущенном шансе на мир и будущем переговоров по Украине,"…Вопрос судеб людей, которые столетиями жили и в Крыму, и в Донбассе, в [[Новороссии]], чьи предки основывали Одессу, Николаев, порты на Черном и Азовском морях», —…"
1,superseded,russian-world,13,lenta:278548eb69,lenta,2026-09-05,text,yes,,Президент заявил о необходимости формирования органов власти в соответствии с Конституцией,"…России, права наших соотечественников, русских людей Крыма, Донбасса, [[Новороссии]], русских людей, которые находятся на остальной территории — сейчас под…"
1,superseded,russian-world,14,kp:db3cc4b5ca,kp,2026-09-24,text,yes,,Как Москва и Киев будут строить отношения после завершения конфликта: историк оценил варианты развития событий,"…Мы воюем за русских на Украине или против украинцев-националистов в [[Новороссии]]? - Россия должна воевать за Россию, в первую очередь, а не против Украины. Да,…"
1,superseded,russian-world,15,ukraina:761d12df20,ukraina,2026-09-19,text,yes,,"Украина попыталась сорвать выборы в Донбассе, но просчиталась","…напряжения. По его словам, украинская сторона рассчитывала сорвать выборы в [[Новороссии]], однако этим планам не суждено сбыться. ""По понятным причинам мы не…"
1,superseded,russian-world,16,aif:e8ec4ada5e,aif,2026-09-17,text,yes,,Памфилова: в регионах с военным положением действует особый порядок выборов,"… Парламентские выборы в России, которые состоятся 18–20 сентября, впервые будут проходить с участием жителей Донбасса и [[Новороссии]]."
1,superseded,russian-world,17,tsargrad:c0e97b8a2d,tsargrad,2026-09-23,lead,yes,,Мащенко: Крым стал ориентиром для исторических регионов на выборах в Госдуму,Крым стал примером для Донбасса и [[Новороссии]] в организации выборов депутатов Государственной думы.
1,superseded,russian-world,18,ukraina:af625305d2,ukraina,2026-09-20,text,yes,,"Промежуточные итоги выборов в ДНР, выборы и общественное мнение. 20 сентября 2026 года, вечерний эфир","…года, вечерний эфир Сегодня в эфире: * Новости и фронтовые сводки. * Тема дня [[Новороссии]]. Промежуточные итоги выборов в ДНР. Гость: Владимир Высоцкий — глава…"
1,superseded,russian-world,19,rt-ru:ffbc9be924,rt-ru,2026-09-10,text,no,'native Russian' words (linguistics),«Я тебя могну»: значение на сленге зумеров,"…такие комичные варианты, как «могатель». Кроме того, слово перекликается с [[исконно русскими]] «мочь», «превозмогать», «могучий», что даёт богатую почву для новых шуток и…"
1,superseded,russian-world,20,tass-en:998b1bfe6f,tass-en,2026-09-16,text,yes,,President Putin to deliver televised address on upcoming parliamentary elections,"…will take place from September 18 to 20, 2026. Residents of the Donbass and [[Novorossiya]] regions will participate in the State Duma elections for the first…"
1,superseded,russian-world,21,tsargrad:3466421f22,tsargrad,2026-09-02,text,yes,,Как Христос в СССР явился: Чудо 1946 года спасло степь от голода. Что это значит для СВО?,"…(включая формирующийся боевой отряд ""Покров"") мужественно освобождают [[исконно русские]] земли в СВО. Святейшему Патриарху Московскому и всея Руси Кириллу…"
1,superseded,russian-world,22,kp:80054d3022,kp,2026-09-10,text,no,the name of a radio station,Четыре диплома «Комсомолки»,…академики РАР признали выпуск программы «Диалоги о Донбассе» Радио «КП» - [[Новороссия]]». Всего в конкурсе участвовало 117 работ радиостанций из 34 регионов России и…
1,superseded,russian-world,23,rg:a3910db719,rg,2026-09-02,text,yes,,100 биографий и портретов военнослужащих вошли в новую книгу о героях СВО,"…портрет поколения, на чью долю выпало с оружием в руках сражаться за [[русский мир]] и национальную безопасность России. Дмитрий Филиппов, писатель, доброволец,…"
1,superseded,russian-world,24,rg:7e98b71cb0,rg,2026-09-15,text,yes,,"В Донецке журналисты ""Родины"" и ""Российской газеты"" представили сборник ""Кулибины России"" и обсудили необычное оружие - Родина","…""Родины"" для учителей и библиотекарей новых территорий. Первый был об истории [[Новороссии]] и назывался ""Донбасс - сердце России"". Второй, ""Пушкин наш. И все!"", поведал о…"
1,superseded,russian-world,25,life:c88a0c8698,life,2026-09-21,text,yes,,"Космонавт Новицкий набрал 29,8% и победил в округе в Приангарье на выборах в ГД",…Впервые депутатов российского парламента выбирали жители регионов Донбасса и [[Новороссии]]. Одновременно состоялись выборы в законодательные собрания 39 регионов. В…
1,yes,multipolarity,1,ria:c86dddee43,ria,2026-09-08,text,yes,,Ямпольская: День языков народов России позволит гордиться великой страной,"…языка – это прежде всего отказ от российских ценностей, от справедливого [[многополярного]] мира. Мира, в котором государства ведут равноправный диалог, открывающий…"
1,yes,multipolarity,2,rt-ru:41c3b4b2c2,rt-ru,2026-09-12,text,yes,,Путин заявил о важности сохранения центральной роли ООН в мировых делах,"…дальнейшему повышению качества деятельности ООН. Ранее Путин заявил, что [[однополярная]] система международных отношений уходит в прошлое. Также российский лидер…"
1,yes,multipolarity,3,kp:6f645ecf5d,kp,2026-09-13,headline,yes,,Си Цзиньпин заявил о планах Китая укрепить единство глобального Юга,Си Цзиньпин заявил о планах Китая укрепить единство [[глобального Юга]]
1,yes,multipolarity,4,inosmi:294aa6685c,inosmi,2026-09-02,text,yes,,"Столкнулись два типа глобальной мощи. США отступают, Китай набирает темп (The New York Times, США)","…мирового порядка, пишет NYT. Китай набирает темпы, заручаясь поддержкой ""[[мирового большинства]]"". США дрейфуют в сторону от союзников, а возможность демонстрировать…"
1,yes,multipolarity,5,vesti:f16fe9306a,vesti,2026-09-09,text,no,'Global South' used descriptively in a poll,Граждане Германии выбирают мир,"…52%, причем снижение доверия фиксируется как на Западе, так и в странах [[Глобального Юга]]. В 15 странах большинство респондентов не доверяют ему, а за пределами…"
1,yes,multipolarity,6,iz:62222f3687,iz,2026-09-23,text,yes,,Избиратели с характером: Путин назвал рекордную явку на выборах ответом на внешние атаки,…предпринимателями и учеными закладывают прочный фундамент для формирования [[многополярного]] мира. Зачем цифровой рубль нужен бизнесу и населению Половину совещания…
1,yes,multipolarity,7,zvezda:6fb35ee414,zvezda,2026-09-01,text,yes,,Пашинян единственный из глав СНГ выступил на саммите ШОС+ не на русском,"…языке с переводом. Премьер-министр Армении рассказал о своем видении [[многополярного]] мира. Кроме того, он заявил о намерении обсудить с Владимиром Путиным во…"
1,yes,multipolarity,8,kremlin:c49140bc7e,kremlin,2026-09-01,text,yes,,Беседа с Премьер-министром Армении Николом Пашиняном,"…страны – между прочим, сегодня тоже мы это обсуждали, тема саммита ШОС была «[[многополярный]] мировой порядок», то есть это считается легитимной целью – иметь альтернативы…"
1,yes,multipolarity,9,aif:35a0f68757,aif,2026-09-02,text,yes,,В Иране под удар попала свадебная церемония: новости в мире 2 сентября,"…сотрудничества (ШОС) в Киргизии получили ясный сигнал, что мир становится [[многополярным]]. Автор публикации полагает, что мероприятие в Бишкеке может стать важным…"
1,yes,multipolarity,10,kp:59a04a5321,kp,2026-09-01,headline,yes,,Путин призвал расширить состав Совбеза ООН за счет Глобального Юга и Востока,Путин призвал расширить состав Совбеза ООН за счет [[Глобального Юга]] и Востока
1,yes,multipolarity,11,iz:fe9211d7d5,iz,2026-09-15,text,yes,,Что произошло за день 15 сентября. Главное,"…добавила, что России нужно жить, развиваться и делиться достижениями с [[мировым большинством]]. Спецоперация РФ на Украине Вооруженные силы РФ установили контроль над…"
1,yes,multipolarity,12,rt-ru:8eabb0dba9,rt-ru,2026-09-22,text,yes,,«Попытки украсть суверенные средства»: что известно о новом плане ЕС по конфискации российских активов,"…России приведут к подрыву доверия к общеевропейским институтам. Государства [[Глобального Юга]] больше не будут рассматривать европейскую юрисдикцию как безопасную гавань»,…"
1,yes,multipolarity,13,tass-en:aa644c4c71,tass-en,2026-09-14,text,yes,,"BRICS summit demonstrates need for global change in relations with West, expert says","…point,"" the political scientist noted. According to him, the voice of the [[Global South]] should have more weight. ""This is the backbone that unites all countries,…"
1,yes,multipolarity,14,gazeta:0b241b52f2,gazeta,2026-09-12,lead,yes,,"Путин объяснил, что такое БРИКС","Путин заявил, что БРИКС нацелен на консолидацию [[мирового большинства]]"
1,yes,multipolarity,15,lenta:8199e0a478,lenta,2026-09-01,headline,yes,,Политолог назвал ШОС ключевой структурой многополярного миропорядка,Политолог назвал ШОС ключевой структурой [[многополярного]] миропорядка
1,yes,multipolarity,16,ria:b37a9cee01,ria,2026-09-15,text,yes,,Эксперты из России и Китая обсудили вопросы глобального мироустройства,"…мироустройства». - Российские и китайские эксперты обменялись мнениями о [[многополярном]] устройстве мира, обсудили отношения России, Китая и США на международной…"
1,yes,multipolarity,17,ria:9026bf56e3,ria,2026-09-11,text,yes,,"В Совфеде рассказали, чего ожидают от саммита БРИКС","…и колоссальная ресурсная база, отметила Перминова. ""Чтобы закрепить этот [[многополярный]] баланс, необходимы надежные инструменты: ускоренное развитие…"
1,yes,multipolarity,18,rg:4d42518fff,rg,2026-09-22,text,yes,,"""Состряпать и раздуть до катастрофы"": Лавров разобрал главные фейки и провокации против России","…после прихода президента Владимира Путина, Россия начала освобождаться от [[неоколониальных]] форм сотрудничества с Западом и проводить самостоятельную политику,…"
1,yes,multipolarity,19,aif:a1d280d6d0,aif,2026-09-15,text,yes,,"Захарова заявила, что внук де Голля прибыл в РФ в «момент вызова»","…в нашу страну», - заявила представитель МИД, выступая на сессии «Лидерство в [[многополярном]] мире: что определяет позиции страны в ново архитектуре международных…"
1,yes,multipolarity,20,iz:fdce821b69,iz,2026-09-18,lead,yes,,Брюссельская стена,"Аналитик Нельсон Вонг — о том, как европейский протекционизм ускоряет сближение КНР, РФ и стран [[Глобального Юга]]"
1,yes,multipolarity,21,ria:254215e296,ria,2026-09-09,text,yes,,Путин вручит президенту Вьетнама премию мира имени Толстого,"…присуждается за выдающиеся заслуги в предотвращении войны, строительстве [[многополярного]] и ненасильственного мира и активную миротворческую деятельность. Лауреатами…"
1,yes,multipolarity,22,rt:88b92783a7,rt,2026-09-22,text,no,'Global South' used descriptively in AI news,EU-backed coalition vies for role in global AI order,"…in July with 29 founding countries, including Russia, many of them from the [[Global South]]. China has paired that initiative with open-weight models, training programs…"
1,yes,multipolarity,23,ria:d8154620a7,ria,2026-09-15,headline,yes,,Захарова предупредила о технологической неоколониальной ловушке Запада,Захарова предупредила о технологической [[неоколониальной]] ловушке Запада
1,yes,multipolarity,24,vesti:4aa02e5c10,vesti,2026-09-12,headline,yes,,Путин указал на завершение эпохи однополярного мира,Путин указал на завершение эпохи [[однополярного]] мира
1,yes,multipolarity,25,ria:390dc8a573,ria,2026-09-03,headline,yes,,"Европа санкциями пытается отстоять право на гегемонию, заявил Лавров","Европа санкциями пытается отстоять право на [[гегемонию]], заявил Лавров"
1,yes,western-decline,1,ukraina:50f4a9a7bd,ukraina,2026-09-13,text,yes,,"""Его приезд вызывает особый эмоциональный подъём"": почему Путина всегда с воодушевлением ждут в Индии","…значении формата БРИКС, дальнейшем сотрудничестве Москвы и Нью-Дели, [[дедолларизации]], личных впечатлениях от Индии мне особенно запомнилась беседа с одной из…"
1,yes,western-decline,2,aif:d85f5ff77a,aif,2026-09-11,text,yes,,"БРИКС: как расшифровывается, состав стран, задачи",…развивают механизмы торговли в национальных валютах и продвигают идею [[дедолларизации]] торговых операций. Ключевым инструментом здесь выступает Новый банк развития…
1,yes,western-decline,3,iz:4377bc93f3,iz,2026-09-13,text,yes,,Ответ красного дракона: Китай создает механизмы обхода американских санкций,"…международный обозреватель Андрей Кузмак. — Одновременно идет процесс «[[дедолларизации]]» энергетической торговли, и этот процесс заметен не только на Ближнем…"
1,yes,western-decline,4,ria:7793febb02,ria,2026-09-08,text,no,Peskov: Russia does not seek de-dollarisation,Песков прокомментировал позицию стран БРИКС по расчетам в долларах,"…заявил пресс-секретарь президента РФ Дмитрий Песков. ""Мы не стремимся к [[дедолларизации]], к отказу от долларов США. Нет, напротив, мы открыты для любых приемлемых…"
1,yes,western-decline,5,iz:e66bca8924,iz,2026-09-04,text,yes,,Почему страны возвращают свое золото домой. Разбор,"…решением, но и частью более широкой политики финансового суверенитета и [[дедолларизации]]. Одновременно торговля золотом постепенно смещается в сторону Шанхайской…"
1,yes,western-decline,6,iz:dc656f9a23,iz,2026-09-09,text,yes,,«Запрос на перемены в Германии действительно есть»,"…в Германии действительно есть» Энергетическая и климатическая политика, [[деиндустриализация]] и меры в отношении миграции стали главными причинами победы «Альтернативы…"
1,yes,western-decline,7,pnp:9004161bd8,pnp,2026-09-10,text,yes,,Какой будет ключевая ставка после 11 сентября?,…рынках. И оснований для разворота этой тенденции я не вижу: процесс [[дедолларизации]] и накопления драгметаллов будет только набирать обороты. — А о чем говорит…
1,yes,western-decline,8,ria:b2b448ac2b,ria,2026-09-02,text,yes,,"Кафе ""Горячая линия"" работает на стенде RT на ВЭФ","…дырка). Кроме того, посетители могут попробовать кофе ""Американо дерзкий"", ""[[Закат Европы]]"", ""Ормузский пролив"", ""Ванильный Эммануэль Раф"" и ""Латте (последняя капля)""."
1,yes,western-decline,9,ukraina:14f57b601e,ukraina,2026-09-16,text,no,the Morgenthau Plan (history),"""План Моргентау"": попытка не допустить возрождения немецкого реваншизма","…""План Моргентау"" от идеи не-восстановления Германии переходил к идее её [[деиндустриализации]]. Так, о немецком Руре документ говорит следующее: ""Здесь находится сердце…"
1,yes,western-decline,10,lenta:130c7f0415,lenta,2026-09-11,text,yes,,Европе предрекли крах из-за конфликта на Украине,"…катастрофа, которая произойдет из-за этого, — это крах Украины, а затем и [[крах европейских]] политических и экономических элит, создавших эту украинскую модель», —…"
1,yes,western-decline,11,vesti:48dc8d1b17,vesti,2026-09-06,text,yes,,Посол РФ Корчунов указал на сильную зависимость Норвегии от ЕС и США,"…указывают на ослабление технологического суверенитета страны вследствие [[деиндустриализации]] и чрезмерной зависимости от американских IT-компаний, добавил…"
1,yes,western-decline,12,ukraina:d640f616e3,ukraina,2026-09-03,text,yes,,"Усталость от Украины, возвращение России, цель – Одесса: что пишут западные СМИ о конфликте","…ВВП, Германия, некогда промышленное ядро Европы, находится в серьезной [[деиндустриализации]], отмечается в публикации. ""Затянувшийся украинский конфликт усугубил…"
1,yes,western-decline,13,gazeta:3b11086dc1,gazeta,2026-09-12,headline,yes,,Журналист Такер Карлсон заявил о стремлении властей США к дедолларизации,Журналист Такер Карлсон заявил о стремлении властей США к [[дедолларизации]]
1,yes,western-decline,14,ria:66d22bf672,ria,2026-09-04,text,yes,,"ЕС с 2008 года сталкивается с экономической стагнацией, заявил Нарышкин","…начиная с 2008 года сталкиваются с нарастающей экономической стагнацией, [[деиндустриализацией]], энергетическим и миграционным кризисами, не говоря уже о практически…"
1,yes,western-decline,15,vesti:7649bc2046,vesti,2026-09-04,text,yes,,Директор СВР: Европа выбирает эскалацию вместо решения своих проблем,"…с 2008 года сталкиваются с нарастающей экономической стагнацией, [[деиндустриализацией]], энергетическим и миграционным кризисами. Он также упомянул практически…"
1,yes,western-decline,16,rt-ru:eda684de2d,rt-ru,2026-09-25,text,yes,,Песков назвал отмену санкций условием поставок российского дизеля на рынок,"…Игорь Юшков выразил мнение, что Европа столкнётся с новой волной [[деиндустриализации]] и снижением потребления на фоне энергетического кризиса, однако не отменит…"
1,yes,western-decline,17,inosmi:6d9f5cf3a4,inosmi,2026-09-21,text,yes,,"""Прямиком к воротам ада"". Элиты втягивают Европу в войну с Россией (Parlamentní listy, Чехия)","…подход, цель которого — укрепить слабый экономический рост. Вообще [[деиндустриализацию]] Европы этим не остановить. — Конфликт продолжается почти пять лет, как…"
1,yes,western-decline,18,tass-en:95e02a3d24,tass-en,2026-09-08,text,no,Peskov: Russia does not seek de-dollarisation,"Confidence in imminent victory, Putin’s visit to India: statements by Kremlin spokesman","…somebody’s pressure and demands to do otherwise."" Sanctions and [[de-dollarization]] Russia is not seeking de-dollarization: ""It’s not because we are aiming for…"
1,yes,western-decline,19,pnp:3ca1057848,pnp,2026-09-15,headline,yes,,Сенатор Шендерюк-Жидков: Россия стала флагманом дедолларизации из‑за западных санкций,Сенатор Шендерюк-Жидков: Россия стала флагманом [[дедолларизации]] из‑за западных санкций
1,yes,western-decline,20,rt-ru:5acf6dba18,rt-ru,2026-09-04,text,yes,,Политолог Фёдоров: нехватка газа в ЕС может привести к росту цен,…— спрогнозировал эксперт. Фёдоров также связал ситуацию с процессом [[деиндустриализации]] в ЕС и вытеснением доступных российских энергоносителей с европейского…
1,yes,western-decline,21,inosmi:338c3aacb5,inosmi,2026-09-25,headline,yes,,"В Британии назвали главные причины упадка Запада. ""Симптомы краха повсюду"" (The Guardian, Великобритания)","В Британии назвали главные причины [[упадка Запада]]. ""Симптомы краха повсюду"" (The Guardian, Великобритания)"
1,yes,western-decline,22,ukraina:a8164b4013,ukraina,2026-09-02,text,yes,,НАТО открыто готовится к агрессивной войне с Россией — МИД РФ,"…замминистра, обернулся для стран ЕС тяжелым кризисом: стремительной [[деиндустриализацией]], ростом безработицы и жестким сокращением социальных обязательств…"
1,yes,western-decline,23,iz:f29af534f2,iz,2026-09-05,text,yes,,Торговая дуэль: ЕС пригрозил Китаю закрытием рынка,…мощностей. Поставки товаров по ценам ниже европейских могут привести к [[деиндустриализации]] отдельных отраслей. Поэтому Евросоюз угрожает серьезными мерами вплоть до…
1,yes,western-decline,24,iz:2f41bd0bcb,iz,2026-09-15,text,no,Armenia's economy,Галузин назвал обещания ЕС Армении «эфемерными»,"…европейцы видят лишь источник ресурсов, рабочей силы, а также полностью [[деиндустриализированный]] рынок сбыта для собственных товаров и услуг, в том числе по обеспечению…"
1,yes,western-decline,25,rt:9186074546,rt,2026-09-11,text,yes,,BRICS: The gears of change keep grinding,…of the group in January and has adopted a different tone. Rhetoric about [[de-dollarization]] and overhauling the current financial system has taken a back seat to more…
1,superseded,enemies-within,1,gazeta:1f6c9a5607,gazeta,2026-09-23,text,no,"the legally required 'foreign agent' label, under a story about something else",Суд утвердил заочный арест актера Трескунова,…суд признал законным заочный арест актера Семена Трескунова (признан в РФ [[иностранным агентом]]). Об этом сообщила пресс-служба судов общей юрисдикции столицы в…
1,superseded,enemies-within,2,tsargrad:4fb242be79,tsargrad,2026-09-12,text,no,"the legally required 'foreign agent' label, under a story about something else","В России нашлись ""исконно украинские"" земли. Историки – в шоке, а мы смеёмся!","…историю. Например, известный украинский певец Потап заявил журналисту-[[иноагенту]] Катерине Гордеевой*, что считает Ростов-на-Дону и Краснодарский край…"
1,superseded,enemies-within,3,iz:90bec730a2,iz,2026-09-09,text,no,"the legally required 'foreign agent' label, under a story about something else",Экс-солистку «Фабрики» Савельеву оштрафовали за нарушение закона о рекламе,…рэпера Алишера Моргенштерна (включен Министерством юстиции в реестр [[иностранных агентов]] на территории РФ). Музыканту назначено наказание в виде административного…
1,superseded,enemies-within,4,life:b7534040a4,life,2026-09-14,text,no,"the legally required 'foreign agent' label, under a story about something else",Роскомнадзор отказался от иска к экс-жене Моргенштерна* из-за рекламы,"…оргенштерн* и Зинатуллина поженились в 2021 году, а в 2022-м объявили о расставании. * Включён Минюстом России в реестр [[иностранных агентов]]."
1,superseded,enemies-within,5,kp:9c874f3756,kp,2026-09-07,headline,yes,,Глава ФПБК Бородин призвал передавать имущество иноагентов семьям бойцов СВО,Глава ФПБК Бородин призвал передавать имущество [[иноагентов]] семьям бойцов СВО
1,superseded,enemies-within,6,tsargrad:68278650ef,tsargrad,2026-09-17,text,no,"the legally required 'foreign agent' label, under a story about something else","""Целый класс неугодных"": бывший член ""Рассвета"" рассказал, чему учат либералов","…организацией, её деятельность запрещена на территории России. Также признана [[иностранным агентом]]. Уважаемые читатели! Оставайтесь на связи и будьте в курсе!"
1,superseded,enemies-within,7,tsargrad:982fd9ff96,tsargrad,2026-09-20,text,no,"the legally required 'foreign agent' label, under a story about something else",Клан Пугачёвой разбежался по миру. С проблемами она один на один,"…м факте: пока Галкин* гастролирует по Европе, Пугачёва остаётся одна и развлекается как может. *Максим Галкин - признан [[иностранным агентом]] на территории России."
1,superseded,enemies-within,8,gazeta:2f900e49f4,gazeta,2026-09-22,text,yes,,"Хаматова вспомнила, как украинка игнорировала ее на съемках: «Для нее я была пустым местом»","…оездке в Крым и попытки признать принадлежность полуострова РФ. Ранее Хаматова объяснила, почему до сих пор не признана [[иностранным агентом]]."
1,superseded,enemies-within,9,ukraina:0d0dccc466,ukraina,2026-09-17,text,no,"the legally required 'foreign agent' label, under a story about something else","От ""вырву кадык"" до ""меня нельзя на фронт"": почему Зеленский не может без Гордона*","…в перечень террористов и экстремистов Росфинмониторинга, [[иностранный агент]] **Входит в состав объединения, включенного в перечень террористов и…"
1,superseded,enemies-within,10,gazeta:fca5cf9064,gazeta,2026-09-17,text,no,"the legally required 'foreign agent' label, under a story about something else","Собчак удивилась, что уехавшие из России артисты скрывают дружбу с ней","…приезжаю за границу, а потом человек приходит к Юрию Дудю (признан в РФ СМИ-[[иноагентом]]) и как под копирку на вопрос: «Ты общаешься с Собчак?» — отвечает: «Нет», —…"
1,superseded,enemies-within,11,tsargrad:fa1c03011c,tsargrad,2026-09-18,headline,yes,,"Хаматова не дождалась статуса иноагента и призналась: ""Мне даже стыдно друзьям в глаза смотреть""","Хаматова не дождалась статуса [[иноагента]] и призналась: ""Мне даже стыдно друзьям в глаза смотреть"""
1,superseded,enemies-within,12,iz:f0e5454fe1,iz,2026-09-02,text,no,"the legally required 'foreign agent' label, under a story about something else","Суд в Херсонской области приговорил девушку к 5,5 года за фейки о ВС РФ",…в этот день суд Москвы заочно приговорил политолога Марию Снеговую (признана [[иноагентом]] в РФ) к семи годам лишения свободы по делу о распространении фейков об Армии…
1,superseded,enemies-within,13,rg:8e14d09138,rg,2026-09-23,lead,no,"the legally required 'foreign agent' label, under a story about something else",RT: Шпак в одном из роликов призывал бить ракетами по мирному населению РФ,"Скандальный блогер Александр Шпак (признан в РФ [[иноагентом]]), на которого СК завел новое уголовное дело, призывал в одном из роликов бить ракетами по мирному н…"
1,superseded,enemies-within,14,tsargrad:9e3a9cf0e0,tsargrad,2026-09-03,text,no,"the legally required 'foreign agent' label, under a story about something else",Галкин* бросил Пугачёву? Кадры с отдыха принесли новые слухи,"…на пляже: что произошло 50-летний Максим Галкин*, признанный в России [[иностранным агентом]], опубликовал в социальных сетях откровенное видео с пляжного отдыха,…"
1,superseded,enemies-within,15,aif:563fe7f006,aif,2026-09-02,text,no,"the legally required 'foreign agent' label, under a story about something else",Геронтолог: пожилым можно быть на открытом солнце не больше 30 минут в день,…одчеркнул Новоселов. Ранее Новоселов оценил странную причёску Пугачевой и допустил серьезную болезнь. *Признан в России [[иностранным агентом]]
1,superseded,enemies-within,16,gazeta:fc65400f1a,gazeta,2026-09-24,text,no,unclear,В России проиндексируют единое пособие,"…ожет заменить его на 2023 год, уточнили в фонде. Ранее Мишустин установил гуманитарное пособие родственникам осужденных [[релокантов]]."
1,superseded,enemies-within,17,gazeta:de52238785,gazeta,2026-09-18,headline,yes,,Андрея Звягинцева признали иноагентом после выдвижения на «Оскар»,Андрея Звягинцева признали [[иноагентом]] после выдвижения на «Оскар»
1,superseded,enemies-within,18,kp:6f7b1d8649,kp,2026-09-06,text,no,"the legally required 'foreign agent' label, under a story about something else",Кассационный суд оставил в силе приговор журналистке Монгайт*,…ранее признал приговор законным и обоснованным. Монгайт* внесена в реестр [[иноагентов]] с ноября 2022 года. Журналистка неоднократно привлекалась к административной…
1,superseded,enemies-within,19,gazeta:de8e33b355,gazeta,2026-09-08,text,no,"the legally required 'foreign agent' label, under a story about something else",Украинцев призвали создать запасы еды и воды,"Украинский журналист Дмитрий Гордон (признан в РФ [[иностранным агентом]], включен в список террористов и экстремистов) призвал жителей Киева и других населенных пунктов…"
1,superseded,enemies-within,20,lenta:54fb4a2ad3,lenta,2026-09-21,headline,yes,,Исключенный из реестра иноагентов Понасенков рассказал о тысячах телефонных звонков,Исключенный из реестра [[иноагентов]] Понасенков рассказал о тысячах телефонных звонков
1,superseded,enemies-within,21,tsargrad:0edcdc6b9a,tsargrad,2026-09-11,text,yes,,И снова о мобилизации. На этот раз слово взял Медведев,"…больно бьют по их экономике и населению. Важно подчеркнуть, что медиаресурсы [[иноагентов]] буквально каждый день пишут о приближающейся мобилизации. Эта пятница не была…"
1,superseded,enemies-within,22,lenta:4050b4a063,lenta,2026-09-03,lead,no,"the legally required 'foreign agent' label, under a story about something else",Комик Данила Поперечный рассказал о сложностях отцовства,"Живущий в США стендап-комик Данила Поперечный (внесен Минюстом РФ в реестр [[иноагентов]]), недавно ставший отцом, рассказал о сложностях ухода за новорожденной дочерью Мишель. В видео, дос…"
1,superseded,enemies-within,23,gazeta:220ab8a503,gazeta,2026-09-21,text,no,"the legally required 'foreign agent' label, under a story about something else",Депортированного из России блогера Некоглая задержали в Молдавии. В чем его подозревают?,"…встретился с украинским журналистом Дмитрием Гордоном (признан в РФ [[иностранным агентом]], включен в список террористов и экстремистов). Кто такой Некоглай Некоглай…"
1,superseded,enemies-within,24,rt-ru:f80291a828,rt-ru,2026-09-07,text,no,"the legally required 'foreign agent' label, under a story about something else",Волонтёр Рейн: в экстремистском ФБК знали о «дыре» в анонимности с донатами,"…тервью с волонтёром ФБК читайте на RT. * Организация признана террористической и экстремистской. ** Физлицо, признанное [[иностранным агентом]]."
1,superseded,enemies-within,25,mk:4a42765c64,mk,2026-09-13,text,no,"the legally required 'foreign agent' label, under a story about something else","Венецианский ""Золотой лев"" достался единственной и неизвестной женщине","…за ""материнский фильм"" проекта ""ДАУ"" Илья Хржановский (в РФ внесен в список [[иноагентов]]) о Льве Ландау (его сыграл дирижер Теодор Курентзис). Илья - не гражданин…"
1,superseded,blame-for-war,1,tass-en:de437ded2a,tass-en,2026-09-08,lead,yes,,Russia’s readiness for talks on Ukraine and EU’s attempts to derail them: Lavrov’s remarks,"Russia is always ready for talks on Ukraine based on an understanding of the [[root causes]] of the crisis and aimed at reaching agreements to address them, the Russian foreign minister said"
1,superseded,blame-for-war,2,iz:264ae0a675,iz,2026-09-02,text,yes,,Глава дипмиссии РФ при ЕС отверг обвинения в адрес Москвы по лейпцигскому дрону,"…является грязной провокацией в интересах киевского режима и европейской «[[партии войны]]», которые стремятся втянуть НАТО и Евросоюз (ЕС) в вооруженный конфликт с…"
1,superseded,blame-for-war,3,rt-ru:82b0b499a3,rt-ru,2026-09-06,text,no,'partisan war' (партизанская война),Историк Ушкалов: НКВД выявлял нацистскую агентуру в партизанских отрядах,"…чекистские отряды помогали местным партизанским отрядам, обучая методам [[партизанской войны]] и проводя оперативно-чекистскую работу по выявлению немецкой агентуры,…"
1,superseded,blame-for-war,4,ria:f7ddbe7d87,ria,2026-09-13,text,yes,,Зять Трампа призвал США содействовать урегулированию украинского конфликта,"…трех часов. Российский лидер подчеркнул на ней необходимость устранения всех [[первопричин]] украинского конфликта, сообщал журналистам помощник президента России Юрий…"
1,superseded,blame-for-war,5,lenta:2e11dcd2cf,lenta,2026-09-18,text,yes,,В Финляндии дали совет премьеру Италии после ее слов о России,…готовность к конструктивному диалогу по Украине при условии устранения [[первопричин]] конфликта. «Если Мелони действительно обеспокоена угрозой эскалации конфликта…
1,superseded,blame-for-war,6,vesti:a4dad7c047,vesti,2026-09-08,text,yes,,Лавров напомнил о готовности России к переговорам по Украине,"…мы к ним (переговорам — прим. ред.) всегда готовы, на основе понимания [[первопричин]] и на основе выработки договоренностей по устранению первопричин нынешнего…"
1,superseded,blame-for-war,7,tsargrad:68f3701498,tsargrad,2026-09-23,text,no,the root causes of global warming,Politico: США и ЕС тайно изучают способы затемнения Солнца,"…нескольких кризисов. Кроме того, геоинженерное вмешательство не устраняет [[первопричины]] глобального потепления, такие как сжигание ископаемого топлива.…"
1,superseded,blame-for-war,8,kp:05623ed13e,kp,2026-09-18,headline,yes,,Мария Захарова раскрыла схему по Буче: Запад и Киев срывали переговоры любой ценой,Мария Захарова раскрыла схему по Буче: Запад и Киев [[срывали переговоры]] любой ценой
1,superseded,blame-for-war,9,ria:9294aa8c49,ria,2026-09-09,text,yes,,Россия довела до Турции свои подходы к урегулированию украинского кризиса,"…Москвы к урегулированию украинского кризиса посредством устранения его [[первопричин]], а также российские оценки деструктивных действий киевского режима в акватории…"
1,superseded,blame-for-war,10,ria:e5f7dfb18b,ria,2026-09-09,text,yes,,"Россия продолжает контакты по Украине с представителями США, заявил Песков","…В ходе этой беседы российский лидер подчеркнул необходимость устранения всех [[первопричин]] украинского конфликта, сообщал журналистам помощник президента РФ Юрий Ушаков."
1,superseded,blame-for-war,11,gazeta:f6a08c773f,gazeta,2026-09-24,text,yes,,"Постпред при ОБСЕ заявил, что Россия не получала предложений по Украине","…на Украине от западных стран или от киевского режима, которые устраняли бы [[первопричины]] украинского кризиса, нам пока не поступало», — сказал Полянский на постсовете…"
1,superseded,blame-for-war,12,tsargrad:3beb6733c0,tsargrad,2026-09-04,text,no,fuel shortages,"Иранский кошмар для США: Бензин бьёт рекорды, а дизель душит экономику. У России – своя правда","…запасами углеводородов, – с нехваткой бензина и очередями. В обоих случаях [[первопричина]] выходит за пределы национального рынка: война и сбои в ключевом морском…"
1,superseded,blame-for-war,13,ria:dd446604d9,ria,2026-09-16,text,yes,,Рябков прокомментировал заявления США об энергоперемирии на Украине,"…и эволюцией подходов другой стороны в целом"", - сказал Рябков журналистам. Он отметил, что в широком смысле ""[[партия войны]]"" работает на срыв любых подобных пониманий."
1,superseded,blame-for-war,14,inosmi:37688dbb0f,inosmi,2026-09-13,text,yes,,"Брюссель недооценил роль России в жизни Европы. Вот к чему это привело (Steigan blogger, Норвегия)",…Steigan. Однажды Европа уже упустила свой шанс. США и Британия сорвали [[стамбульские соглашения]] 2022 года. Еще одна ошибка может стать судьбоносной для Брюсселя. Скорое…
1,superseded,blame-for-war,15,gazeta:3d62314d5f,gazeta,2026-09-02,text,yes,,Российский посол назвал инцидент в Лейпциге грязной провокацией Украины,"…провокацией в интересах обанкротившегося киевского режима и европейской «[[партии войны]]», которые любой ценой стремятся втянуть НАТО и Евросоюз в прямое столкновение…"
1,superseded,blame-for-war,16,lenta:538a51cac6,lenta,2026-09-09,text,yes,,Москва и Анкара обсудили угрозы судоходству в Черном море,"…Москвы к урегулированию украинского кризиса посредством устранения его [[первопричин]], а также российские оценки деструктивных действий киевского режима в акватории…"
1,superseded,blame-for-war,17,rg:826452ca1c,rg,2026-09-23,text,yes,,МИД: Лавров и Рубио обсудили Украину и ситуацию на Ближнем Востоке,"…стороны достижению целей специальной военной операции, устранению его [[первопричин]]. Эта цель может быть достигнута и политико-дипломатическим путем. Среди других…"
1,superseded,blame-for-war,18,tass-en:d4fd99e13b,tass-en,2026-09-07,text,yes,,Lavrov comments on West’s attempts to spoil elections and robbery of Russian assets,"…and political support for the special military operation, to explain its [[root causes]], to explain our stance, which could have long made it possible to end this war…"
1,superseded,blame-for-war,19,tsargrad:aa934346f6,tsargrad,2026-09-24,text,yes,,Лавров откровенно наслаждается: Потроллил главу МИД Швейцарии,"…премьер-министр Британии Борис Джонсон, как вы знаете, запретил подписывать этот документ [[[Стамбульские соглашения]] – Ред.] и предложил просто продолжать воевать."
1,superseded,blame-for-war,20,ukraina:2b76dc31d0,ukraina,2026-09-14,text,yes,,"Дмитрий Табачник: Зеленскому не хватит ресурсов, чтобы пересидеть Трампа, поэтому он ищет новых союзников",…выкормышу коррумпированной системы Кравченко позитивный имидж в глазах [[партии войны]] в Европе. Главной его заботой стало крышевание международного преступного…
1,superseded,blame-for-war,21,iz:b0156b4d83,iz,2026-09-02,lead,yes,,Посол РФ в Бельгии назвал инцидент в Лейпциге провокацией киевского режима,"Инцидент с беспилотниками в Лейпциге — это грязная провокация в интересах киевского режима и европейской «[[партии войны]]», которые стремятся втянуть НАТО и Евросоюз (ЕС) в вооруженный конфликт с Россией. Об этом 2 сентяб…"
1,superseded,blame-for-war,22,iz:dcad56af42,iz,2026-09-09,text,yes,,Россия и Турция обсудили угрозы безопасности судоходства в Черном море,"…позицию по урегулированию конфликта на Украине путем устранения его [[первопричин]]. Кроме того, стороны обсудили действия Киева в Черном море, которые, по оценке…"
1,superseded,blame-for-war,23,ria:c878cff409,ria,2026-09-18,text,yes,,В Финляндии набросились на премьера Италии после заявления о Путине,"…диалогу ради завершения конфликта на Украине — при условии, что будут устранены его [[первопричины]] и учтены вопросы безопасности"", — написал он в соцсети Х."
1,superseded,blame-for-war,24,life:146008b413,life,2026-09-11,text,no,a school for trust ('первопричина'),«Важна третья сторона»: Зиналиева оценила запуск «Школы доверия»,"…конфликты часто воспринимаются эмоционально, из-за чего сложно разобраться в [[первопричине]]. В таком случае важна третья сторона, которой и должен стать специалист…"
1,superseded,blame-for-war,25,tass-en:5d1d320a60,tass-en,2026-09-02,text,yes,,FACTBOX: What to know about Russian Foreign Ministry summoning German charge d’affaires,"…provocation"" serving the interests of the failed Kiev regime and Europe’s ""[[war party]],"" which he said were seeking at any cost to draw NATO and the European Union…"
1,superseded,stolen-aid,1,kp:3f8e4e8594,kp,2026-09-14,headline,yes,,"В ФСБ раскрыли объем оружия, который мог попасть на черный рынок с Украины","В ФСБ раскрыли объем оружия, который мог попасть на [[черный рынок]] с Украины"
1,superseded,stolen-aid,2,kp:6521c80127,kp,2026-09-01,lead,yes,,Захарова: ООН специально не замечает факты черной трансплантологии на Украине,"Захарова заявила, что западные СМИ по-прежнему замалчивают о [[черном рынке]] Украины"
1,superseded,stolen-aid,3,tass-en:67bea864f9,tass-en,2026-09-23,text,yes,,"Press review: Trump, Zelensky signal Russia deal interest as Moscow eyes fresh US dialogue",…investigations involving members of Zelensky’s inner circle. [[Corruption in Ukraine]]’s defense industry may be linked to the interests of Kiev’s Western…
1,superseded,stolen-aid,4,ria:32952b2100,ria,2026-09-12,text,yes,,На Западе высказались об отданных режиму Зеленского деньгах,…затягивает конфликт и не способствует его урегулированию. Сообщения о [[коррупции на Украине]] появляются регулярно. Обвинения уже предъявили обвинения бывшему…
1,superseded,stolen-aid,5,vesti:6040bcb664,vesti,2026-09-24,lead,no,"a general corruption ranking, no aid",Названы наиболее коррумпированные ведомства Украины,"[[Коррупция на Украине]] распространена практически во всех сферах, однако наиболее ярко выражена в министерствах энергетики…"
1,superseded,stolen-aid,6,rg:09a66ad443,rg,2026-09-10,headline,yes,,Депутат Рады заявил о разворовывании Киевом значительной части западной помощи,Депутат Рады заявил о [[разворовывании]] Киевом значительной части западной помощи
1,superseded,stolen-aid,7,life:9421c05843,life,2026-09-06,text,yes,,Солдат ВСУ призвал украинцев выйти на протест против власти Зеленского,"…вымирание. Состояние нашей армии отвратительное, средства не доходят, [[деньги распиливаются]] между собой», – сказал боец. Тодоров также заявил, что после публикации…"
1,superseded,stolen-aid,8,rg:0bec6535e7,rg,2026-09-24,text,yes,,"Ле Пен заявила, что Франция больше не в состоянии давать деньги Киеву","…и за конфликт, к которому Франция не имеет прямого отношения, а также тех, кто не намерен способствовать финансированию [[коррупции на Украине]] и во Франции."
1,superseded,stolen-aid,9,inosmi:fb91afbcb8,inosmi,2026-09-23,text,yes,,"Запад серьезно просчитался. Его оружие для Украины ударит по нему самому (L'AntiDiplomatico, Италия)","…исчезает и вновь появляется в других местах. Речь идет о вечной проблеме [[черного рынка]], который в тылу боевых действий перехватывает поток поставок вооружений,…"
1,superseded,stolen-aid,10,ukraina:e333f639a4,ukraina,2026-09-15,text,yes,,Загоняют в угол: Зеленский из последних сил отбивается от ставленников Запада на Украине,"…того, что выделяемые Западом средства будут использованы эффективно и не [[разворованы]] по схемам типа того же «Мидаса». С другой стороны, как уже неоднократно…"
1,superseded,stolen-aid,11,tsargrad:3f76ffbd15,tsargrad,2026-09-25,text,yes,,"""Подлить масло в огонь"": Почему в ЕС захотели залить в Киев деньгами","…чем этого хочет союз, - отметил он. Швейцер назвал колоссальным уровень [[коррупции на Украине]] и констатировал, что ЕС не способен отслеживать, на что Киев тратит…"
1,superseded,stolen-aid,12,kp:b428a89cd1,kp,2026-09-11,text,no,Sweden: Russia spreads false claims (the opposite claim),Politico: Швеция заявила о якобы угрозе предстоящим выборам в ЕС со стороны РФ,"…дальнейших поставок денег и оружия Киеву, распространяя ложные сведения о [[коррупции на Украине]]. При этом Хьорт не считает, что Москва целенаправленно вмешивается в…"
1,superseded,stolen-aid,13,ukraina:3305c6a445,ukraina,2026-09-10,text,no,"corruption investigations, no aid","""Закончится военным переворотом"": Зеленскому дают понять — он уже лишний","…свою очередь, Гольдарб отметил, что волна обысков, расследований случаев [[коррупции на Украине]] означает, что Зеленскому дают понять: он уже лишний. И Америка его…"
1,superseded,stolen-aid,14,lenta:e149d2640d,lenta,2026-09-12,lead,no,"a corruption proverb, no aid",Ситуацию на Украине описали пословицей,Ситуацию с [[коррупцией на Украине]] описывает пословица «вор у вора дубинку украл». Об этом в беседе с ТАСС заявил депутат Госдумы от К…
1,superseded,stolen-aid,15,vesti:e8a7b26749,vesti,2026-09-13,text,yes,,Константинов назвал “сверхидею” киевского режима,"…растрачивания средств Запада. Ранее британский аналитик Александр Меркурис также заявил, что на Украине [[разворовываются]] деньги, которые Киев получает от западных стран."
1,superseded,stolen-aid,16,lenta:0d8acecb50,lenta,2026-09-10,text,no,"anti-corruption bodies, no aid",Над украинскими политиками заметили дамоклов меч,"…давления со стороны Запада, который создал эти структуры для борьбы с [[коррупцией на Украине]], Зеленскому пришлось забыть о подчинении НАБУ, «унизительно изменив…"
1,superseded,stolen-aid,17,kp:78768822ca,kp,2026-09-16,text,yes,,Запад «не разглядел» новый коррупционный скандал на Украине: Еврократы поставили на Зеленского и готовы идти ва-банк,…что произошедшее стало очередным доказательствам системного характера [[коррупции на Украине]]. Но Брюссель продолжает гнать Киеву миллиарды евро и сохраняет…
1,superseded,stolen-aid,18,lenta:acdf8090ba,lenta,2026-09-16,lead,yes,,В России заявили о шоке ЕС из-за дефицита бюджета на Украине,"Масштаб [[коррупции на Украине]] вызывает шок у европейцев, отметил первый зампред комитета Госдумы по международным отношениям Алек…"
1,superseded,stolen-aid,19,ukraina:537129fbfa,ukraina,2026-09-25,text,yes,,"Лариса Шеслер: Запад ищет политика, который продолжит войну с Россией, но обойдется дешевле Зеленского","…Запад в лице Урсулы фон дер Ляйен отлично понимает, что условие победить [[коррупцию на Украине]] невыполнимо, поскольку коррупция является становым хребтом существования…"
1,superseded,stolen-aid,20,kp:ff933b8c9b,kp,2026-09-14,text,yes,,В Европе перелом доверия к Украине: Киев сжигает уже $190 миллионов в сутки и хочет больше,…который оплачивает налогоплательщик Европы. Условия подарка - борьба с [[коррупцией на Украине]]. А с этим все хуже. Скандалы с воровством сотрясают Киев все чаще и…
1,superseded,stolen-aid,21,rg:bfdfc81666,rg,2026-09-24,text,yes,,"В Раде оценили, сможет ли Зеленский спокойно ходить по улицам после конфликта","…посоветовал киевским властям прекратить обманывать население, остановить [[разворовывание]] государственных миллионов и пресечь практику бегства чиновников за…"
1,superseded,stolen-aid,22,mk:48281d64b7,mk,2026-09-22,text,yes,,Оружие с фронта наводнит Европу: украинские бойцы везут в ЕС арсеналы,…В 2024 году Интерпол предупреждал о риске попадания западных вооружений на [[черные рынки]] после завершения активной фазы конфликта. Тогда речь шла о переносных…
1,superseded,stolen-aid,23,ria:f3fd14b5cc,ria,2026-09-05,text,no,"corruption reports, no aid","Украинский историк рассказала об ""ударе"" Трампа по Зеленскому","…в самый подходящий момент"", — написала она в соцсети X. Сообщения о [[коррупции на Украине]] появляются регулярно. В мае САП предъявила обвинения бывшему главе офиса…"
1,superseded,stolen-aid,24,vesti:36c5726a39,vesti,2026-09-07,lead,no,"corruption reports, no aid",Военэксперт указал на скрытую угрозу от Трампа в адрес окружения Зеленского,"…роятно, президент США Дональд Трамп послал главе киевского режима Владимиру Зеленскому черную метку в виде публикации о [[коррупции на Украине]]."
1,superseded,stolen-aid,25,ria:ee104f8d34,ria,2026-09-15,text,no,"corruption reports, no aid",На Украине прокомментировали скандал вокруг Кравченко,"…коррумпированы те, кто за ним стоит, а также и те, кто якобы борется с [[коррупцией на Украине]]"", - сказал Дудчак РИА Новости. По словам участника ""Другой Украины"",…"
1,yes,forced-mobilization,1,lenta:215d3afb30,lenta,2026-09-03,text,yes,,Путин раскрыл потери ВСУ,"…потерь значительно больше, чем людей, которые поступают в результате [[насильственной мобилизации]], возвращения из госпиталей. Количество — это каждый месяц минус там…"
1,yes,forced-mobilization,2,tsargrad:e7b4ff8a33,tsargrad,2026-09-24,text,yes,,"У Зеленского созрел новый план. Киевский режим ""нашёл внутреннего врага"" и ""бьёт"" в цель","…Украинские власти нашли цель - ""внутреннего врага"". Забирают священников - [[ТЦК]] говорят, что те ушли добровольно На протяжении нескольких лет отец Олег Кручинин…"
1,yes,forced-mobilization,3,mk:9b36cb2f1d,mk,2026-09-12,text,yes,,«Ужасные видеозаписи»: в США шокированы происходящим на Украине,"…жалуются на низкую мотивацию бойцов, попавших в войска в результате [[принудительной мобилизации]], а число случаев дезертирства продолжает расти. Читайте материал:…"
1,yes,forced-mobilization,4,ukraina:69e33082ba,ukraina,2026-09-16,text,yes,,Крах гривны и еда за границей: что ждёт Украину зимой,"…всех возрастов там всегда есть работа – это второе. Мужики, попадающие в облавы [[ТЦК]], кроме всех психологических и прочих издержек, имеют на месте службы вполне…"
1,yes,forced-mobilization,5,iz:1fb4a95b17,iz,2026-09-13,headline,yes,,Суд на Украине арестовал палку по делу об избиении ею сотрудника ТЦК,Суд на Украине арестовал палку по делу об избиении ею сотрудника [[ТЦК]]
1,yes,forced-mobilization,6,ria:9d229c85de,ria,2026-09-03,lead,yes,,Во Франции поразились неожиданному предложению Трампа по Украине,"Предложение президента США Дональда Трампа опубликовать видео [[насильственной мобилизации]] на Украине откроет миру глаза на происходящие там бесчинства, заявил в…"
1,yes,forced-mobilization,7,rt-ru:dc13eab95a,rt-ru,2026-09-18,headline,yes,,В Одессе сотрудника ТЦК приговорили к пяти годам за насильственную мобилизацию,В Одессе сотрудника [[ТЦК]] приговорили к пяти годам за насильственную мобилизацию
1,yes,forced-mobilization,8,vesti:4324ad345c,vesti,2026-09-01,text,yes,,"Омбудсмен Украины признал, что до фронта доходят лишь единицы мобилизованных","…также отметил, что эффективность территориальных центров комплектования ([[ТЦК]], аналог военкоматов) следует оценивать не по количеству ""закрытых планов"", а по…"
1,yes,forced-mobilization,9,mk:d6de3b7ffc,mk,2026-09-03,headline,yes,,Филиппо предложил Трампу обнародовать кадры принудительной мобилизации на Украине,Филиппо предложил Трампу обнародовать кадры [[принудительной мобилизации]] на Украине
1,yes,forced-mobilization,10,iz:376680e3bc,iz,2026-09-02,text,yes,,В Киеве произошли перестрелки с участием сотрудников СБУ и ГУР,"…марш после конфликта с сотрудниками территориального центра комплектования ([[ТЦК]], аналог военкомата на Украине), в результате которого несколько человек получили…"
1,yes,forced-mobilization,11,ukraina:51cb3d7064,ukraina,2026-09-02,text,yes,,"Кто выйдет на самих себя: зачем ""слуге народа"" рассекречивание агентов КГБ на Украине","…выброс такой информации отвлечет украинцев от мести сотрудникам [[ТЦК]], военкомам и силовикам, которые сегодня устраивают настоящую охоту за украинскими…"
1,yes,forced-mobilization,12,kp:e480aca6ec,kp,2026-09-03,text,yes,,Путин: на Украине людей вылавливают как бездомных собак и силой отправляют в бои,"…Путин на полях Восточного экономического форума. По его словам, [[насильственная мобилизация]] в Незалежной ужасает. Украинских граждан ежедневно против их воли…"
1,yes,forced-mobilization,13,ukraina:1cdbccefc6,ukraina,2026-09-09,text,yes,,Это уже не восстановить: что на самом деле потеряла Украина после российских ударов,"…Распределённой логистике нужно много людей, а людей нет. Мобилизационные рейды [[ТЦК]] вычистили транспортную отрасль подчистую: квалифицированные водители категорий «С»…"
1,yes,forced-mobilization,14,rg:93f9e776fa,rg,2026-09-18,text,yes,,"Названы два региона Украины, где Киев планирует протестировать мобилизацию женщин","…уже началась на Украине. В регионах идут проверки документов у женщин, в [[ТЦК]] (аналог военкомата) составляют списки, а вузы и работодатели сдают данные, в…"
1,yes,forced-mobilization,15,tsargrad:1d42f458d6,tsargrad,2026-09-05,headline,yes,,"""Каждый людолов - хуже СС"": На Украине двухлетнего ребенка обвиняют в том, что он сам кинулся под машину ТЦК","""Каждый [[людолов]] - хуже СС"": На Украине двухлетнего ребенка обвиняют в том, что он сам кинулся под машину ТЦК"
1,yes,forced-mobilization,16,aif:123551b92b,aif,2026-09-20,text,yes,,Последний ультиматум в эфире: мощное наступление РФ давит остатки ВСУ,"…«Подготовленные подразделения перемешиваются с так называемыми ""[[бусифицированными]]"" с целью создать хоть какую-то боеспособность. Такую тактику использовал…"
1,yes,forced-mobilization,17,ukraina:b43e1f6b78,ukraina,2026-09-17,headline,yes,,В корсете на фронт: ТЦК признал годным мужчину с переломом позвоночника,В корсете на фронт: [[ТЦК]] признал годным мужчину с переломом позвоночника
1,yes,forced-mobilization,18,aif:f54b9e0645,aif,2026-09-18,headline,yes,,Жители Одессы заблокировали выезд микроавтобусов ТЦК,Жители Одессы заблокировали выезд микроавтобусов [[ТЦК]]
1,yes,forced-mobilization,19,tsargrad:64666a7d14,tsargrad,2026-09-17,text,yes,,"На сожжении ""Квартала 95"" не остановились. Сгорел и склад Елены Зеленской","…катастрофой. В комментариях украинцы выплеснули всю боль, связанную с [[принудительной мобилизацией]] (ТЦК), коррупцией и тяжёлыми условиями жизни. Пост пришлось удалить.…"
1,yes,forced-mobilization,20,rg:e7127a4351,rg,2026-09-24,text,yes,,"ТАСС: СБУ может удерживать в подвале бывшего боевика нацбата ""Айдар""","…критиковал в соцсетях режим Владимира Зеленского, командование ВСУ и действия [[ТЦК]] (территориальный центр комплектования - аналог военкомата). После серии публикаций…"
1,yes,forced-mobilization,21,rt:0734dd637f,rt,2026-09-03,text,yes,,Ukrainian lawmaker likens country’s coercive mobilization tactics to rape,"…officers forcibly grabbing men off the streets in a practice known as ‘[[busification]]’, has made the country look like a “nation of rapists,” Verkhovna Rada…"
1,yes,forced-mobilization,22,life:df953f0395,life,2026-09-03,lead,yes,,«Глубоко личный мотив»: Украинский историк шокирована видео жёсткой мобилизации во Львове,"…краинский историк Марта Гавришко была поражена видео из Львова, где женщины попытались вмешаться в действия сотрудников [[ТЦК]] во время задержания мужчины. Своё мнение она выразила в социальной сети X."
1,yes,forced-mobilization,23,gazeta:bae062e4d1,gazeta,2026-09-24,text,yes,,"Стало известно, кем будет в ВСУ мобилизованный на Украине ортодоксальный еврей","…азил нежелание держать оружие, ему пошли навстречу, определив врачом. Ранее сотрудника украинского телевидения увезли в [[ТЦК]] прямо от здания телестудии в Киеве."
1,yes,forced-mobilization,24,ukraina:6a4428dd92,ukraina,2026-09-03,lead,yes,,"""Ловят как бездомных собак"": Путин вскрыл позорную правду об украинской мобилизации","Жесткие методы [[принудительной мобилизации]] на Украине привели к полному падению мотивации в рядах ВСУ и рекордному росту числа дезертиров, зая…"
1,yes,forced-mobilization,25,tsargrad:41f4d008f9,tsargrad,2026-09-14,text,yes,,"""У генерального прокурора есть только один путь"": Зеленский сказал, что будет с Кравченко","…генерального прокурора есть только один путь"", но он имел в виду не мобилизацию. [[ТЦК]] продолжают ""кошмарить"" украинское население, вылавливая на улицах оставшихся…"
1,yes,liberation,1,rt-ru:0c5d7a7b16,rt-ru,2026-09-19,text,yes,,МО: ВС России с начала года освободили более 220 населённых пунктов,"…ведомства. Ранее в Минобороны России сообщили, что российские войска [[освободили населённые]] пункты Веролюбовка и Золотой Колодезь в ДНР. До этого российские войска…"
1,yes,liberation,2,life:96da16b970,life,2026-09-24,text,no,'new region': where a veteran moved,Ветеранам повысят выплаты в октябре 2026: точные суммы и как оформить статус,"…— местные меры поддержки закончились и их нужно оформлять заново по правилам [[нового региона]], что не всегда возможно, так как требования для получения звания везде…"
1,yes,liberation,3,zvezda:10ca32836d,zvezda,2026-09-16,lead,yes,,Народный фронт назвал шесть КамАЗов в честь погибших волонтеров и военкоров,"Новые машины будут доставлять помощь жителям приграничных и [[новых регионов]], а также участникам специальной военной операции."
1,yes,liberation,4,mk:a3293f552d,mk,2026-09-19,text,yes,,ВС РФ освободили несколько населенных пунктов в зоне СВО,"…в Харьковской области. А подразделения группировки войск «Центр» [[освободили населенный]] пункт Марьевка в Донецкой Народной Республике. Кроме того, взят под…"
1,yes,liberation,5,tsargrad:36a03f838f,tsargrad,2026-09-05,text,yes,,"Без искажений: Крым на картах Equal Earth окрашен в тот же цвет, что и Россия","…выразила категорическое несогласие с таким подходом. Однако, напомним, что [[воссоединение]] Крыма с Россией состоялось в 2014 году по итогам референдумов, которые США и…"
1,yes,liberation,6,gazeta:2fdce2df41,gazeta,2026-09-18,text,yes,,Путин посмертно наградил погибшую главу УИК Запорожской области,…в том числе принимала участие в организации референдума о принятии четырех [[новых регионов]] в состав РФ. Ранее в Херсонской области член избиркома погибла в результате…
1,yes,liberation,7,ria:12b62e273c,ria,2026-09-25,text,yes,,"Спецоперация, 25 сентября: Россия контролирует логистику ВСУ у Доброполья",…и топлива для нужд украинских войск. - Группировка «Север» продолжает [[освобождать населенные]] пункты на сумском направлении и сжимать кольцо окружения формирований…
1,yes,liberation,8,zvezda:cb6e4c6b0e,zvezda,2026-09-01,text,yes,,Шесть американских наемников нашли свой конец под Рубежным в ДНР,"…со штурмовиками 35-й отдельной гвардейской мотострелковой бригады, [[освобождавшими населенный]] пункт Рубежное в ДНР. Один из них, командир штурмового взвода Ирек…"
1,yes,liberation,9,life:dd4397611b,life,2026-09-18,lead,yes,,"Бойцы ВС РФ спасли мать, которая почти два года прятала маленького сына от ВСУ","Российские военнослужащие группировки «Север» эвакуировали из [[освобождённого населённого]] пункта Харьковской области женщину с двухлетним сыном. По данным Минобороны РФ, Ольга рассказала, ч…"
1,yes,liberation,10,rt-ru:75b0412f5b,rt-ru,2026-09-21,headline,yes,,"Новые регионы, зарубежные участки и внешнее давление: как прошли выборы в Госдуму РФ","[[Новые регионы]], зарубежные участки и внешнее давление: как прошли выборы в Госдуму РФ"
1,yes,liberation,11,tsargrad:c9e06efe77,tsargrad,2026-09-21,text,no,'new regions and industries' in a fuel crisis,Топливный кризис в России: ситуация на 21 сентября 2026 года,"…2026 года топливный кризис в России продолжает усиливаться, охватывая [[новые регионы]] и отрасли. По данным сервиса gdebenzin, бензин АИ-92 отсутствует на 45%…"
1,yes,liberation,12,tsargrad:15f98060af,tsargrad,2026-09-17,text,yes,,"Лавров сказал, почему важны переговоры с США. Европе не понравится","…и проголосовали в присутствии большого числа иностранных наблюдателей за [[воссоединение]] с Россией"", заявил Лавров. Но признавать волеизъявление народа на Западе…"
1,yes,liberation,13,ria:9e30b9633d,ria,2026-09-21,text,yes,,Мишустин рассказал о ходе голосования в приграничных регионах,"…остаются востребованным инструментом для преобразования страны, включая [[новые регионы]]. - Выборы депутатов Государственной Думы девятого созыва и другие совмещенные…"
1,yes,liberation,14,ria:24f5f41b9f,ria,2026-09-14,text,yes,,"Спецоперация, 14 сентября: ВС России освободили три населенных пункта","…кольцо окружения и расширять зону контроля в Харьковской области, [[освобождены населенные]] пункты Широкое и Шевченково. - Подразделения группировки «Днепр»…"
1,yes,liberation,15,aif:e47c596dd9,aif,2026-09-19,text,yes,,Многие голосуют электронно. Выборы в РФ проходят без серьезных нарушений,"…невозможности проголосовать. Украинский режим пытается сорвать голосование в [[новых регионах]]. В частности, в адрес членов избиркомов поступают угрозы через соцсети и…"
1,yes,liberation,16,inosmi:acfed0bc7c,inosmi,2026-09-09,text,yes,,"Пошлина 300%: Латвия захотела обложить зерно из России новыми ограничениями (Berliner Zeitung, Германия)","…властей, ограничения должны препятствовать вывозу российского зерна с [[освобожденных территорий]]. Этот шаг вписывается в обострившуюся политику Латвии в отношении…"
1,yes,liberation,17,kp:990af956cf,kp,2026-09-18,text,yes,,"Стало известно, в каких городах Киев протестирует мобилизацию женщин в ВСУ","…глава харьковской ВГА сообщил, что киевский режим не ценит жизни людей и препятствует эвакуации мирных жителей из [[освобожденных населенных]] пунктов Харьковской области."
1,yes,liberation,18,zvezda:67dc2fccce,zvezda,2026-09-17,headline,yes,,Российские войска освободили населенный пункт Розовка Запорожской области,Российские войска [[освободили населенный]] пункт Розовка Запорожской области
1,yes,liberation,19,kp:a3c0088669,kp,2026-09-24,text,yes,,Елена Ямпольская раскритиковала рекомендации по русскому языку в роддомах Украины,"…И тоже говорил, что свобода использования русского языка не только на [[освобожденных территориях]], на наших исторических, на всей территории Украины является одним из…"
1,yes,liberation,20,tsargrad:14f6bcd2ae,tsargrad,2026-09-20,text,yes,,Нападение НАТО на Россию? На границе очень странно и тревожно: Русские совершили невозможное. Молниеносный удар – и победа спустя 9 км,"…и риски. Аномальный участок фронта Ранее стало известно, что наши войска [[освободили село]] Розовка в Запорожской области. К вечеру 18 сентября пришли кадры…"
1,yes,liberation,21,life:ea559323c2,life,2026-09-22,text,yes,,"«Волчанский котёл»: что это такое, где находится на карте и что о нём известно",…используемые ВСУ. — После стабилизации ситуации и полной зачистки [[освобождённой территории]] откроются условия для дальнейшего продвижения в сторону Приколотного и…
1,yes,liberation,22,ria:f06181f588,ria,2026-09-22,text,yes,,ВСУ находились в Марьевке без снабжения и боеприпасов,"…РФ. - Минобороны России сообщило, что подразделения группировки «Центр» [[освободили населенный]] пункт Марьевка в ДНР. ДОНЕЦК, 22 сен - РИА Новости. ВСУшники в донецкой…"
1,yes,liberation,23,iz:0847e0b81e,iz,2026-09-04,text,yes,,Сводка спецоперации на Украине за неделю,"…в интересах украинской армии. Вооруженные силы (ВС) России за неделю [[освободили населенные]] пункты Храповщина, Садки и Великий Прикол в Сумской области, Казачья…"
1,yes,liberation,24,ria:d100c8cbe0,ria,2026-09-17,text,yes,,Минобороны рассказало об освобождении Малой Волчьей в Харьковской области,"…ВСУ, сообщило Минобороны России. Ранее в четверг ведомство сообщило об [[освобождении населенного]] пункта. ""Перед началом штурма военнослужащие зачистили небо от ударных…"
1,yes,liberation,25,ria:576d9da884,ria,2026-09-23,text,yes,,Наемники ВСУ использовали белые повязки для маскировки в атаке у Урожайного,"…близ села Урожайное Донецкой Народной Республики. - Российские военные [[освободили село]] Работино в Запорожской области 15 мая 2024 года, а 14 июля этого же года был…"
1,yes,slurs,1,vesti:77620bfb0b,vesti,2026-09-07,headline,yes,,"Боевики ВСУ не подозревают, что находятся в окружении в Харьковской области","[[Боевики ВСУ]] не подозревают, что находятся в окружении в Харьковской области"
1,yes,slurs,2,iz:15a13ac184,iz,2026-09-15,text,yes,,За неделю 48 мирных жителей России погибли из-за ударов дронов ВСУ,"…поручениям МИД России Родион Мирошник. «В течение минувшей недели от рук [[украинских боевиков]] погибло 48 мирных жителей российских регионов, в числе погибших трое…"
1,yes,slurs,3,vesti:8b7c554d3c,vesti,2026-09-25,lead,yes,,"ВСУ атаковали гумконвой для СВО из Омской области, есть погибшие и раненый","В результате удара [[украинских боевиков]] по гуманитарному конвою, следовавшему в зону спецоперации из Омской области, погибли три человека."
1,yes,slurs,4,kp:4bf4bdc829,kp,2026-09-04,text,yes,,"Атака БПЛА на Сочи и Сириус, очередной визит Уиткоффа и Кушнера, освобождение Грузского: главные события 4 сентября",…с часу до двух дня. СК РФ возбудил сегодня дело о теракте по факту атаки [[украинских боевиков]] на автобус в ДНР (ст. 205 УК РФ). В ООН рассмотрят резолюцию о замене…
1,yes,slurs,5,ria:7fc60c2416,ria,2026-09-01,lead,yes,,"Уровень защиты НПЗ сейчас совсем другой, сообщил Путин","Уровень защиты нефтеперерабатывающих заводов в РФ от ударов [[украинских боевиков]] сейчас совсем другой, заявил президент России Владимир Путин."
1,yes,slurs,6,rt-ru:d749323855,rt-ru,2026-09-15,text,yes,,Мирошник указал на активизацию ударов ВСУ по школам и детсадам на прошлой неделе,…на прошлой неделе - © Фото из личного архива «В течение последней недели [[украинские боевики]] совершали преднамеренные массированные удары по гражданской…
1,yes,slurs,7,rt-ru:2daf07dfab,rt-ru,2026-09-11,text,yes,,Боец ВС России: ВСУ боятся вступать в контактный бой,"…отметил, что ВСУ сейчас боятся вступать в контактный бой. По словам бойца, [[украинские боевики]] сидят «где-то в норке» и всё делают с помощью дронов. Ранее RT показал…"
1,yes,slurs,8,inosmi:368456a409,inosmi,2026-09-10,text,yes,,"""Они плетут сети заговора"". У польских ""защитников"" произошел сбой логики (Wyborcza, Польша)","…они наши правила и наши ценности"", — убеждает меня Томаш. И добавляет: ""Хуже всех [[укры]]. Они не умеют себя вести. Они неблагодарны"". Услышав это, я надеюсь, что…"
1,yes,slurs,9,iz:7e40174837,iz,2026-09-13,text,yes,,Командир ВС РФ сообщил о заблокированных подразделениях ВСУ в Харьковской области,"…гвардии полковник Роман Шкроба. «В сентябре в районе окружения уничтожили 305 [[боевиков ВСУ]], 12 броневых боевых машин, 12 пикапов, 13 квадроциклов, свыше 20 наземных…"
1,yes,slurs,10,aif:e6a0896eb1,aif,2026-09-16,headline,yes,,Боец без оружия ликвидировал боевика ВСУ: главная новость СВО 16 сентября,Боец без оружия ликвидировал [[боевика ВСУ]]: главная новость СВО 16 сентября
1,yes,slurs,11,vesti:862661de3a,vesti,2026-09-25,text,yes,,У Светлой Долины подземные ходы ВСУ достигали 500 метров,"…беседе с ТАСС штурмовик российской группировки войск ""Восток"" пояснил, как [[украинские боевики]] выстроили оборону села, которое было освобождено 24 сентября из-под их…"
1,yes,slurs,12,vesti:0be314f066,vesti,2026-09-19,lead,yes,,Минобороны РФ: Киев пытается убедить Запад в боеспособности украинской армии,…оссийской армии на всех направлениях спецоперации киевский режим вновь пытает заверить западных кураторов в способности [[украинских боевиков]] противостоять Вооруженным силам России (ВС РФ) в зоне…
1,yes,slurs,13,vesti:102b53dbac,vesti,2026-09-22,headline,yes,,Боевики ВСУ дронами демаскировали свои же позиции под Марьевкой,[[Боевики ВСУ]] дронами демаскировали свои же позиции под Марьевкой
1,yes,slurs,14,vesti:ec298060dc,vesti,2026-09-16,lead,yes,,"""Кромешный ад"": военный эксперт Михайлов о ситуации в Резниковском котле","У [[украинских боевиков]], окруженных в Резниковском котле в Харьковской области, нет никакой возможности оттуда вырваться, и…"
1,yes,slurs,15,kp:7721eca310,kp,2026-09-23,text,yes,,Мирный житель пострадал от взрывного устройства в Брянской области,…надо звонить в Единую дежурную диспетчерскую службу. Тем временем [[украинские боевики]] не оставляют в покое мирные кварталы Горловки. Беспилотники вооруженных…
1,yes,slurs,16,aif:95869b82a7,aif,2026-09-20,text,yes,,Огненный дождь расплаты накрыл ВСУ в Киеве: главная новость СВО 20 сентября,"…сентября прогремела серия мощных взрывов. Пожар охватил ключевые объекты [[украинских боевиков]]. Подполковник запаса, советник Российской академии ракетных и…"
1,yes,slurs,17,kp:5662e6b020,kp,2026-09-23,lead,yes,,В Киеве задержали военного ВСУ за нелегальную продажу оружия через интернет,Задержанному за нелегальную продажу оружия [[боевику ВСУ]] грозит семь лет тюрьмы
1,yes,slurs,18,tsargrad:e630bfa995,tsargrad,2026-09-11,text,yes,,Сводка с фронтов СВО 11 сентября: Враг бьёт по тылам – солдаты говорят о дронах. Что в Лимане,"…единственное узкое место, которое есть и которое пытаются пробить [[украинские боевики]], - это район населённого пункта Приколотное. Здесь тоже мы довольно…"
1,yes,slurs,19,vesti:f5d24be38a,vesti,2026-09-09,text,yes,,Массированная атака ВСУ на Новороссийск продолжалась более 12 часов,"…памятники - пожары от беспилотников тушили в Утрише и горе Колдун [[Украинские боевики]] атаковали Краснодарский край в ночь на 9 сентября, среду. Основной удар…"
1,yes,slurs,20,kp:6212d0a496,kp,2026-09-14,lead,yes,,Средства ПВО сбили 173 дрона ВСУ над несколькими регионами России,[[Боевики ВСУ]] пытались атаковать объекты на территории РФ
1,yes,slurs,21,iz:82886e5327,iz,2026-09-15,text,yes,,Reuters сообщило о провале летних антидроновых учений на Украине,"…с российскими реактивными беспилотными летательными аппаратами (БПЛА) [[украинские боевики]] сделали ставку на новое поколение дешевых управляемых ракет, часть которых…"
1,yes,slurs,22,rt-ru:8a820354d7,rt-ru,2026-09-10,text,yes,,Силовики: боевики «Азова» оказались в числе попавших в волчанский котёл,"…котле. Военный эксперт Андрей Марочко рассказал, что группировка [[украинских боевиков]] попала в волчанский котёл, несмотря на усиление подразделений. * «Азов» —…"
1,yes,slurs,23,zvezda:601693491b,zvezda,2026-09-14,lead,yes,,ВСУ потеряли до 60 боевиков за сутки в окружении в Харьковской области,С начала месяца российские военнослужащие уничтожили до 460 [[украинских боевиков]] в кольце окружения.
1,yes,slurs,24,aif:4388ba49b4,aif,2026-09-17,text,yes,,Россия и Украина обменялись телами погибших военных по формуле «252 на 23»,"…тела своих военных. Напомним, в июне текущего года Киев получил 522 тела ликвидированных [[боевиков ВСУ]]. Украина передала российской стороне 33 тела погибших бойцов ВС РФ."
1,yes,slurs,25,aif:8140affec6,aif,2026-09-01,text,yes,,ВС РФ поразили производство боевых частей ракет «Фламинго» в Киеве,"…полученным из-за рубежа. В порту Черноморск поражены склады с имуществом [[украинских боевиков]]. В оборонном ведомстве упомянули также об ударах по объектам ТЭК,…"
2,yes,illegitimacy,1,kp:8b95c59df3,kp,2026-09-23,text,yes,,Зеленский выступал на Генассамблее ООН перед почти пустым залом,"…речь на плохом английском языке, допуская грамматические ошибки. Также [[нелегитимный]] украинский лидер превысил регламент выступления почти вдвое. При этом…"
2,yes,illegitimacy,2,mk:6ecc2f9c3d,mk,2026-09-18,text,yes,,Президент Путин стоит первым в списке на «адские санкции»: такого не делал даже Байден,…обычно не бывает. Ведь это закрывает путь к любым переговорам. У нас даже [[нелегитимный]] уже несколько лет Зеленский террористом и экстремистом не объявлен. Ведь…
2,yes,illegitimacy,3,kp:b945050ac5,kp,2026-09-10,text,yes,,Карни: Канада и Украина согласовали передачу ракет ПВО на 253 млн долларов,…прибыл в Канаду для проведения встречи с премьером-министром Марком Карни. [[Нелегитимный]] украинский лидер назвал Оттаву одним из ближайших партнеров Киева и заявил о…
2,yes,illegitimacy,4,mk:8c6db0ba9c,mk,2026-09-23,text,yes,,Известная британская телеведущая стала жертвой автоугона,…ащении. Читайте также: Трамп посоветовал Зеленскому обсудить Starlink с Илоном Маском Читайте также: Предзимние кошмары [[просроченного президента]] Украины
2,yes,illegitimacy,5,ukraina:30b7deb555,ukraina,2026-09-24,text,yes,,"Зеленский в Нью-Йорке шмыгал носом, много смеялся и назвал дату катастрофы для Украины","…впечатление, что в ООН приехал ""Квартал-95"", а не представители (пусть и [[нелегитимные]]) воюющей страны. Чёрные костюмчики Конечно, все были одеты как обычно – в…"
2,yes,illegitimacy,6,tsargrad:3ed48e049a,tsargrad,2026-09-24,text,yes,,"Зеленский не смог пошутить, отвечая русским журналистам. Нахамил и сбежал","…России Мария Захарова очень эффектно ответила Зеленскому, поставив на место [[нелегитимного]], обещавшему прилететь в Москву ""на ракете"", напомнив о судьбе…"
2,yes,illegitimacy,7,tsargrad:fe9c7f9037,tsargrad,2026-09-01,lead,yes,,"Новая угроза Зеленского: ""Российское небо ""фактически будет закрываться"". Операцию СБУ уже забыли?","…Зеленский, судя по всему, забыл 40-дневную операцию СБУ против русских, которая стала полным провалом для Киева. Теперь [[нелегитимный]] заявил, что ""российское небо ""фактически будет закрываться""."
2,yes,illegitimacy,8,kp:e2bf755d19,kp,2026-09-08,text,yes,,"В Британии считают, что Киев не может себя защитить: Зеленский сам не верит в победу Украины","Фото: REUTERS. [[Нелегитимный]] президент Украины Владимир Зеленский сомневается в силах Киева. Он не уверен, что Россию можно побе…"
2,yes,illegitimacy,9,vesti:1c00b4ac9c,vesti,2026-09-02,text,yes,,Зеленский продолжает оставаться основным препятствием к миру,"…поговорив по телефону с представителями Белого дома Уиткоффом и Кушнером, [[нелегитимный]] сразу начал анонсировать их визит на Украину. Разговор был подробным и…"
2,yes,illegitimacy,10,tsargrad:a2f8759ea7,tsargrad,2026-09-25,lead,yes,,"Президент Южной Кореи обрушился на Зеленского: ""Жестокий и безответственный""","Президент Южной Кореи Ли Чже Мен обрушился на [[нелегитимного]] президента Украины Владимира Зеленского, отчитав за слишком длинный язык. ""Жестокий и безответствен…"
2,yes,illegitimacy,11,tsargrad:709a32efe5,tsargrad,2026-09-15,text,yes,,"""Москва и Вашингтон договорились"": На Украине поняли, за чей счёт теперь будет продолжаться война","…Откуда возьмутся ресурсы, Буданов* не уточнил. Коллаж Царьграда Да и [[нелегитимный]] президент Украины Владимир Зеленский явно неадекватно оценивает ситуацию. Он…"
2,yes,illegitimacy,12,aif:80d3eeb18b,aif,2026-09-13,text,yes,,В Греции всё есть. Украина осталась без Patriot из-за истерики Зеленского,"…сторонники киевского режима. В социальных сетях они задаются вопросом, что [[нелегитимным]] властям дороже: защита критической инфраструктуры или же странный гонор.…"
2,yes,illegitimacy,13,inosmi:bcbebc48ed,inosmi,2026-09-22,text,yes,,"Запад приготовил Зеленскому роль ""крысоеда"". Вот что ему придется сделать (L'AntiDiplomatico, Италия)","…а при этом еще слыл демократом и общечеловеком западного образца"". Зеленский — [[узурпатор]] власти, попирающий конституцию и демократические права украинцев, однако он…"
2,yes,illegitimacy,14,kp:849228e39c,kp,2026-09-07,text,yes,,Зеленский пожаловался Кушнеру и Уиткоффу на нехватку ПВО,"Фото: REUTERS. Просроченный украинский [[узурпатор]] Зеленский нашёл очередной повод устроить истерику, как только к нему приехали представители США Сти…"
2,yes,illegitimacy,15,tsargrad:a370f9fc61,tsargrad,2026-09-23,lead,yes,,"""Заметны признаки страха"": Профайлер ""прочитал"" Зеленского на переговорах с Трампом","Профайлер Денис Давыдов ""прочитал"" Владимира Зеленского на роликах со встречи [[нелегитимного]] с Дональдом Трампом. Проанализировав мимику и общее поведение главаря Киева, эксперт сделал несколь…"
2,yes,illegitimacy,16,tsargrad:c61558d889,tsargrad,2026-09-12,text,yes,,4 способа ликвидации Зеленского: Как может действовать Россия,"…боевиков, нового лидера не нашлось. Не стоит ли поступить также с [[нелегитимным]] президентом Украины? Доктор политических наук, первый министр госбезопасности…"
2,yes,illegitimacy,17,tsargrad:64666a7d14,tsargrad,2026-09-17,text,yes,,"На сожжении ""Квартала 95"" не остановились. Сгорел и склад Елены Зеленской","…сгорел склад, где хранился реквизит студии ""Квартал 95"". Напомним, что [[просроченный президент]] Украины Зеленский - один из основателей студии. Он был её бессменным…"
2,yes,illegitimacy,18,mk:6aed73c740,mk,2026-09-25,text,yes,,Зеленского «колбасит»: известный врач посоветовал ему навсегда уйти из политики,…Полишинеля». Вот и на днях она рассказала о внезапно «накрывшем» [[просроченного президента]] Украины нервном припадке. Не разглашая конкретного источника…
2,yes,illegitimacy,19,kp:228c280bbb,kp,2026-09-16,text,yes,,Зеленский вновь переобулся и сдал назад: гонор Киева пропал,Фото: REUTERS. [[Нелегитимный]] президент Украины Владимир Зеленский вновь переобулся и сменил свою позицию по конфликту. Гонор быв…
2,yes,illegitimacy,20,tsargrad:ee8e6eca7f,tsargrad,2026-09-01,text,yes,,Как это понимать? Зеленский анонсировал перемены в урегулировании конфликта в сентябре. Военный аналитик Леонков пояснил,"…вопрос: на какие именно перемены рассчитывает Киев. В своём видеообращении [[нелегитимный]] украинский лидер сообщил, что его страна ожидает результатов работы…"
2,yes,illegitimacy,21,tsargrad:6da717b8d7,tsargrad,2026-09-09,lead,yes,,Киев атакует Залужного: Зеленский запустил новую политическую кампанию. Но есть нюанс,"Владимир Зеленский запустил политическую кампанию против Валерия Залужного. [[Нелегитимный]] президент Украины атакует посла, выставляя его в не самом лучшем свете, чтобы очернить конкурента. …"
2,yes,illegitimacy,22,inosmi:451e43fa78,inosmi,2026-09-23,text,yes,,"Стал известен главный результат выборов в России: Запад и Украина проиграли (dikGAZETE, Турция)","…стабильность. На этом фоне все отчетливее виден кризис на Украине, где [[нелегитимная]] администрация Зеленского лишает граждан права голоса. Эрхан Куадзба (Erhan…"
2,yes,illegitimacy,23,tsargrad:6c3cb4ae25,tsargrad,2026-09-25,text,yes,,"Пытались заблокировать Крым? Получите. Зеленскому показали, как может быть",…необходимости перемирия. За что сейчас расплачивается Украина? В начале лета [[нелегитимный]] украинский президент Владимир Зеленский анонсировал начало спецоперации СБУ…
2,yes,illegitimacy,24,tsargrad:996a98ef4b,tsargrad,2026-09-14,text,yes,,Полковник Пинчук: Есть все правовые основы для ликвидации Зеленского,"…лично не убивал наших бойцов, но по его приказу убивали другие. Заявления о [[нелегитимности]] Зеленского также схожи со статусом Дудаева. Ещё одним сходством является…"
2,yes,illegitimacy,25,tsargrad:452c59c879,tsargrad,2026-09-22,text,yes,,"""Киев горит и дымит практически ежедневно"": Инсайдер поведал о новой ""схеме"" команды Зеленского по заработку на гуманитарке","…с Запада сохраняется, и инсайдер рассказал про новую ""схему"" команды [[нелегитимного]] украинского президента Владимира Зеленского. Телеграм-канал ""Сплетница""…"
2,yes,provocation,1,tsargrad:ea92ca11d3,tsargrad,2026-09-25,text,yes,,"Главное в ИноСМИ 25 сентября: ""Наступление с тысячей ракет"" – финал СВО. От Суровикина – Киеву подарок. Встреча Путина и Трампа",…в прямом эфире. Теперь Киев ждёт подарок Решение по Starlink Очередное [[провокационное]] заявление пришло из Финляндии. Президент Александр Стубб просил главу SpaceX…
2,yes,provocation,2,iz:14b0b08a20,iz,2026-09-04,text,yes,,Оружейный сигнал: ФРГ создаст ракетный арсенал с Британией и Францией,"…с БПЛА в аэропорту Лейпцига. Москва обвинения отвергла и назвала ситуацию [[провокацией]]. В ответ Россия планирует закрыть отделения Института Гёте, заявил министр…"
2,yes,provocation,3,rt-ru:c34903b549,rt-ru,2026-09-02,text,yes,,«Грубая ошибка»: Путин назвал обвинения Германии в адрес России в происшествии с БПЛА бездоказательными,"…и противоречащие здравому смыслу. Подчеркнул, что наспех состряпанная [[провокация]] в аэропорту Лейпцига служит исключительно целям киевского режима,…"
2,yes,provocation,4,lenta:ebd53a7886,lenta,2026-09-10,lead,yes,,"Попытка теракта СБУ в Москве: цели, задержания, реакция Госдумы","Великобритания должна готовиться к [[провокациям]] со стороны Украины, которая планирует удар из-за проигрышной для нее ситуации в зоне специальной во…"
2,yes,provocation,5,lenta:d0ef5061a0,lenta,2026-09-15,text,yes,,В Госдуме заявили о разорении Польши после разрыва связей с Россией,"…Андрей Колесник. Депутат отметил, что сейчас к власти в Варшаве пришли [[провокаторы]]. Парламентарий, в частности, имел в виду главу МИД Польши Радослава…"
2,yes,provocation,6,tsargrad:f19cc11d13,tsargrad,2026-09-01,text,yes,,"Русские школы подверглись ""атаке"" фейками о минировании 1 сентября","…в своём телеграм-канале. На Ямале власти назвали рассылку ""целенаправленной [[провокацией]] с целью дестабилизировать обстановку"", а также попросили не пересылать…"
2,yes,provocation,7,rt-ru:5740d311c8,rt-ru,2026-09-12,text,no,"the West's view, reported by Tucker Carlson",Такер Карлсон: Запад был сильно возмущён двумя действиями президента Путина,"…Путина к православию в России, полагает Карлсон, также стало «[[провокационным]] шагом» с точки зрения Запада. «Потому что нет ничего, что элиты на Западе…"
2,yes,provocation,8,tsargrad:fcadc8c5ae,tsargrad,2026-09-23,text,no,a rapper's denial,"Джиган ""отъехал"" в израильский рехаб за 2 млн рублей после ""перестрелки"" в ""Шато Соверен""","…же Джиган опроверг информацию о стрельбе по сотрудникам в своём доме. [[Провокация]]. Пусть что хотят, то и пишут. Снимал сниппет, а хейтеры всё перекрутили, — Об…"
2,yes,provocation,9,kp:c0795477cc,kp,2026-09-16,headline,yes,,Корвет «Сообразительный» предотвратил провокацию вертолёта ВВС Дании,Корвет «Сообразительный» предотвратил [[провокацию]] вертолёта ВВС Дании
2,yes,provocation,10,ria:3146391192,ria,2026-09-17,text,yes,,Ульянов: Запад побуждает Киев испытывать на прочность ядерную безопасность,"…за нападения на ядерные объекты. - Интенсивность украинских нападений и [[провокаций]] на Запорожскую АЭС и Энергодар возрастает. ВЕНА, 17 сен - РИА Новости.…"
2,yes,provocation,11,ria:854a770c64,ria,2026-09-09,lead,yes,,"Гутерреш путается в показаниях, говоря о Буче, заявила Захарова","Генсек ООН Антониу Гутерреш путается в своих показаниях, когда речь заходит о неких жертвах [[инсценировки]] в Буче Киевской области в 2022 году, поэтому он…"
2,yes,provocation,12,vesti:9db766cdcf,vesti,2026-09-10,text,yes,,"""Нет никакой необходимости"": Медведев о мобилизации в России","…""Ведомости"". Он также назвал слухи о якобы планируемой осенней мобилизации [[провокацией]] и напомнил, что ранее этот вопрос комментировал президент России Владимир…"
2,yes,provocation,13,aif:28ede43692,aif,2026-09-10,text,yes,,Смертельный трюк. Раскрыта вся правда об истории с покушением на Зеленского,"…не взлетал в момент инцидента. Эксперты рассказали aif.ru, кто стоит за [[провокацией]]. След выводит к самому виновнику переполоха — Зеленскому и его команде…"
2,yes,provocation,14,lenta:a1d557a77b,lenta,2026-09-11,headline,yes,,Лукашенко рассказал о провокациях на границе,Лукашенко рассказал о [[провокациях]] на границе
2,yes,provocation,15,kp:185ffea277,kp,2026-09-04,headline,yes,,В МИД РФ прокомментировали инцидент с дроном в Лейпциге: Провокация перед выборами в ФРГ,В МИД РФ прокомментировали инцидент с дроном в Лейпциге: [[Провокация]] перед выборами в ФРГ
2,yes,provocation,16,gazeta:de14c0a993,gazeta,2026-09-13,text,yes,,«Провоцируют ядерный инцидент». Как удар ВСУ по топливу для ЗАЭС угрожает всей Европе,"…зная, что доставка топлива жизненно необходима станции, поскольку ЗАЭС «из-за [[провокации]] Киева» почти три недели была отрезана от внешнего электроснабжения и «сидела»…"
2,yes,provocation,17,iz:8f1c058f7f,iz,2026-09-09,headline,yes,,Захарова о провокации в Лейпциге,Захарова о [[провокации]] в Лейпциге
2,yes,provocation,18,kp:360a5aa514,kp,2026-09-18,text,no,fraudsters' methods,"«А я знаю, где твой сын!»: В какие ловушки попадают родственники бойцов СВО и как защититься от мошенников-стервятников","…него - для установления дополнительных данных, психологического давления, [[провокаций]] и иных действий, - поясняет эксперт. Сын подруги, кстати, вскоре вышел на…"
2,yes,provocation,19,zvezda:def2fcc9dd,zvezda,2026-09-13,lead,yes,,"Киев ударил по бензовозам с дизтопливом для ЗАЭС, погибли двое","Украина откровенно встала на путь [[провокации]] ядерного инцидента, заявил Алексей Лихачев."
2,yes,provocation,20,vesti:99dd93bf0d,vesti,2026-09-20,text,yes,,"Замглавы МИД Иванов заявил, что попытки сорвать выборы за рубежом провалились","…России Евгений Иванов. По его словам, российская сторона фиксирует различные [[провокации]], попытки срыва голосования со стороны экстремистски настроенных лиц,…"
2,yes,provocation,21,gazeta:978a9a8269,gazeta,2026-09-01,text,yes,,«Они спокойно ушли»: в МИД РФ отвергли планы нападения на страны Балтии,"…прогнозируется. В июне президент РФ Владимир Путин назвал не просто бредом, а [[провокацией]] заявления о возможности нападения России на Североатлантический альянс. Путин…"
2,yes,provocation,22,kp:004cdd266a,kp,2026-09-01,text,yes,,"«Они бьют по нашим – получат ответ»: Путин заявил, что ВС РФ дано указание по нанесению массированных ударов по энергетике Украины","…получат ответ», - сказал президент. Также Владимир Путин прокомментировал [[провокационные]] слова Зеленского, который накануне заявил, что Киев считает возможными атаки…"
2,yes,provocation,23,gazeta:afbac3d948,gazeta,2026-09-18,text,yes,,Фицо поделился опасениями по поводу возможности конфликта НАТО и России,"…заявления западных политиков о возможности нападения России на НАТО бредом и [[провокацией]]. По его словам, это делается для того, чтобы заставить население своих стран…"
2,yes,provocation,24,vesti:3a6d307bdd,vesti,2026-09-24,text,yes,,Лавров обсудил с Гросси удары ВСУ по Запорожской АЭС,…МАГАТЭ. В ходе беседы… особое внимание уделено продолжающимся нападениям и [[провокациям]] Украины в отношении российской Запорожской АЭС и города атомщиков…
2,yes,provocation,25,rg:7479a63606,rg,2026-09-02,text,yes,,Как в России отреагировали на закрытие генконсульства и Русского дома в Германии,"…и противоречащие здравому смыслу. Подчеркнул, что наспех состряпанная [[провокация]] в аэропорту Лейпцига служит исключительно целям киевского режима,…"
2,superseded,western-fakes,1,life:36557f6fb1,life,2026-09-09,text,yes,,"«Сломанный компас»: Захарова объяснила, почему считает «макулатурой» доклад ЕС о правах человека","…содержание документа, как она считает, всё сильнее смещается «в сторону [[дезинформации]]». Представитель российского внешнеполитического ведомства отметила, что…"
2,superseded,western-fakes,2,vesti:7d5063f431,vesti,2026-09-19,text,no,Ukraine calls Russian houses tools of disinformation (the opposite claim),Киев призвал власти всех стран закрыть или ограничить работу Русских домов,"…министр назвал российские культурные центры ""инструментами [[дезинформации]], дестабилизации и шпионажа"", обвинив якобы в ""подрыве мира в Европе"". Наш…"
2,superseded,western-fakes,3,iz:2fcb6c13a3,iz,2026-09-24,text,yes,,МВД предложило учитывать ИИ как отягчающий фактор при киберпреступлениях,"…в беседе с ТАСС в кулуарах прошедшего в Москве международного форума «Диалог о [[фейках]] 4.0». По его словам, ведомство совместно с Минюстом и другими органами…"
2,superseded,western-fakes,4,rg:6a35b87bb2,rg,2026-09-23,headline,no,"a domestic rumour, debunked",Фейк о противорадиационных укрытиях в жилом комплексе разоблачили в Краснодаре,[[Фейк]] о противорадиационных укрытиях в жилом комплексе разоблачили в Краснодаре
2,superseded,western-fakes,5,ria:732bc56cf8,ria,2026-09-09,text,no,the White House dismisses a US report,Белый дом опроверг назначение главы ЦРУ главным переговорщиком по Украине,"…делегация прибыла на переговоры в Киев. ""Вся эта новость — абсолютный [[фейк]], основанный на заявлениях анонимных ""источников"" низкого уровня, которые понятия…"
2,superseded,western-fakes,6,aif:edd4c7703c,aif,2026-09-01,text,no,a cryptocurrency scam,"Женщина более 100 раз сходила на почту, чтобы отдать аферистам 3,8 млн",…со ссылкой на пресс-службу УМВД региона. 59-летняя женщина поверила создателям [[фейковой]] интернет-биржи криптовалюты. В феврале она зарегистрировалась на сайте и…
2,superseded,western-fakes,7,aif:e007e0224a,aif,2026-09-21,headline,no,Trump's 'fake news',"Трамп: Белый дом борется с фейковыми новостями, а не со свободой прессы","Трамп: Белый дом борется с [[фейковыми]] новостями, а не со свободой прессы"
2,superseded,western-fakes,8,vesti:490b6cbf9b,vesti,2026-09-17,headline,yes,,Эксперт Семибратов объяснил вбросы о сделке между США и РФ,Эксперт Семибратов объяснил [[вбросы]] о сделке между США и РФ
2,superseded,western-fakes,9,ukraina:f4f3408349,ukraina,2026-09-22,text,yes,,Битва за прошлое: как из-за рубежа пытаются переписать историю России,"…Алгоритмы платформ любят материалы, которые вызывают реакцию. И вот уже внешний [[вброс]] живёт своей жизнью внутри страны, замаскированный под ""народную…"
2,superseded,western-fakes,10,ria:2d7c75b51f,ria,2026-09-22,text,no,Trump's 'fake news',Репортеры CNN встретят Трампа в штаб-квартире ООН,"…негативно освещает деятельность его администрации, допуская ложные сообщения - ""[[фейк]]-ньюз"". Во вторник у входа в зал для Генеральной Ассамблеи пулу Белого дома…"
2,superseded,western-fakes,11,ukraina:24b44f44fd,ukraina,2026-09-22,text,no,Trump's 'fake news',"""Трамп ТВ"" в ответ на бойкот СМИ: В США заработал собственный телеканал Белого дома","…допуск на территорию президентской резиденции, обвинив их в распространении ""[[фейковых]] новостей"". Своих коллег по цеху поддержал и лояльный президенту телеканал Fox…"
2,superseded,western-fakes,12,zvezda:f4a2880bff,zvezda,2026-09-19,text,yes,,На суше и в море: как прошел второй день выборов в Госдуму РФ,"…а также сообщалось об атаках дронов непосредственно на участки и «потоке [[дезинформации]]». В МИД РФ заявили, что цель кампании - спровоцировать недовольство властью и…"
2,superseded,western-fakes,13,ria:6bcf840bbb,ria,2026-09-16,headline,yes,,"Фейки стали инструментом борьбы Запада с Россией, заявила Захарова","[[Фейки]] стали инструментом борьбы Запада с Россией, заявила Захарова"
2,superseded,western-fakes,14,tsargrad:fcb9c521a0,tsargrad,2026-09-16,text,yes,,"""Попытка покушения на Зеленского"": Он сделал заявление. Что происходит? Объяснение Кошкина","…Украины. Вот, наверное, здесь довольно простая, но надёжная схема [[информационной атаки]] на Россию, - предоставил комментарий Царьграду завкафедрой политического…"
2,superseded,western-fakes,15,lenta:c9c65e386c,lenta,2026-09-01,headline,yes,,Российские регионы захлестнула волна массовой информационной атаки,Российские регионы захлестнула волна массовой [[информационной атаки]]
2,superseded,western-fakes,16,life:296a2a297c,life,2026-09-25,headline,yes,,"«Подпись моя, не отличишь»: Памфилова рассказала о рассылке фейков губернаторам и дипломатам","«Подпись моя, не отличишь»: Памфилова рассказала о рассылке [[фейков]] губернаторам и дипломатам"
2,superseded,western-fakes,17,tsargrad:57ce88d0e5,tsargrad,2026-09-22,headline,yes,,"Лавров готовит неожиданное выступление: Захарова раскрыла интригу форума ""Диалог о фейках""","Лавров готовит неожиданное выступление: Захарова раскрыла интригу форума ""Диалог о [[фейках]]"""
2,superseded,western-fakes,18,tass-en:3f1ca64f03,tass-en,2026-09-21,text,yes,,OANA media forum to discuss steps toward sustainable media community of Asia-Pacific,"… TASS Director General and OANA President, are expected to take part in the forum which will focus on the fight against [[fakes]]."
2,superseded,western-fakes,19,tsargrad:12b11f4867,tsargrad,2026-09-02,text,yes,,Новая волна мобилизации в России: что говорит Владимир Путин,"…президент Владимир Путин. Глава государства подчеркнул, что это провакационный [[вброс]] западных СМИ. - Чушь собачья. Это информационная атака на Россию, - сказал Путин…"
2,superseded,western-fakes,20,tsargrad:0ee63329c3,tsargrad,2026-09-14,text,yes,,Убит Герой. Кашеварова не раскрыла имени – враг говорит о генерале. Что известно?,"…Но, как бы там ни было, вскоре стало ясно, что мы, и правда, имеем дело с [[дезинформацией]]. Мильчаков опроверг свою гибель. Сказал: Моя смерть невозможна, пока у меня…"
2,superseded,western-fakes,21,vesti:7582336714,vesti,2026-09-12,headline,yes,,Попов и Скабеева не считают себя солдатами информационной войны,Попов и Скабеева не считают себя солдатами [[информационной войны]]
2,superseded,western-fakes,22,tsargrad:c2396444f9,tsargrad,2026-09-04,text,yes,,"Таинственный борт у границ НАТО: ""Искандер"" приветливо машет?","…антироссийской истерии. Идёт целенаправленное нагнетание ситуации, тиражируются [[фейки]], вплоть до государственного уровня. Эти фейки подхватывают другие страны ЕС,…"
2,superseded,western-fakes,23,pnp:dac35640ac,pnp,2026-09-21,text,yes,,"Яровая: Выборы в Госдуму показали, что Россию невозможно отменить","…волеизъявления россиян, прибегая для этого от критики и ложных информационных [[вбросов]] до агрессивных террористических методов. «Парламентская газета» рассказала,…"
2,superseded,western-fakes,24,rg:e81c6add75,rg,2026-09-03,text,yes,,Путин выступил с новыми социальными инициативами на ВЭФ: Что нужно знать,"…появляющаяся информация о заморозке вкладов в российских банках является [[фейком]]. ""Это просто вбросы какие-то, кстати говоря, довольно глупые. Почему? Потому что…"
2,superseded,western-fakes,25,tsargrad:0f4f77e63e,tsargrad,2026-09-24,text,no,a rapper's denial,Секретный наркорайдер Джигана вскрылся. Рэпер требовал вещества в гримёрку,"…нет. Представители рэпера категорически опровергают все обвинения, называя их ""[[фейковыми]] новостями"" и ""попыткой очернить имя артиста"". Я всегда был и остаюсь человеком,…"
2,yes,biolabs,1,kp:2230772b79,kp,2026-09-04,lead,yes,,Проводили эксперименты над людьми? В США раскрыли правду об Украине,Лоу: США финансировали [[биолаборатории]] на Украине
2,yes,biolabs,2,tass-en:32d39649de,tass-en,2026-09-24,headline,yes,,"Russia gets no official answers from US, Ukraine on biolabs — MFA","Russia gets no official answers from US, Ukraine on [[biolabs]] — MFA"
2,yes,biolabs,3,mk:b8d1b5ed3c,mk,2026-09-23,headline,yes,,МИД заявил об опасениях из-за военно-биологической активности некоторых стран,МИД заявил об опасениях из-за [[военно-биологической]] активности некоторых стран
2,yes,biolabs,4,mk:5f08924ac5,mk,2026-09-23,text,yes,,Стартовали переговоры Лаврова и Рубио в США,…в связи с непрозрачной деятельностью некоторых зарубежных государств в [[военно-биологической]] сфере. Глава российского внешнеполитического ведомства Сергей Лавров…
2,yes,biolabs,5,lenta:9050be4b92,lenta,2026-09-04,headline,yes,,Американский политик рассказала о финансировании США биолабораторий на Украине,Американский политик рассказала о финансировании США [[биолабораторий]] на Украине
2,yes,biolabs,6,ria:df6e1d3961,ria,2026-09-24,text,yes,,МИД сообщил об итогах проведения семинара КБТО в Москве,"…не получила официальных ответов ни от США, ни от Украины на заданные по теме [[биолабораторий]] вопросы. МОСКВА, 24 сен - РИА Новости. В Москве на первом семинаре по…"
2,yes,biolabs,7,aif:c4aade9fbe,aif,2026-09-04,headline,yes,,Американский политик признала финансирование США биолабораторий на Украине,Американский политик признала финансирование США [[биолабораторий]] на Украине
2,yes,biolabs,8,iz:903851df5e,iz,2026-09-07,text,yes,,Посольство США проведет пятидневный семинар в бункере во Львове,"…16 мая стало известно, что США финансировали создание по меньшей мере 13 [[биолабораторий]] на территории Украины. В документах указано, что на возведение и оснащение…"
2,yes,biolabs,9,vesti:3767ca3c7b,vesti,2026-09-18,headline,no,Anthropic's laboratory (the context word 'США' appeared elsewhere),Разработчик ИИ Anthropic тайно запустил собственную биолабораторию,Разработчик ИИ Anthropic тайно запустил собственную [[биолабораторию]]
2,yes,biolabs,10,rt-ru:c8a81f96d6,rt-ru,2026-09-24,headline,yes,,Рябков: Москва не получила ответа от США и Украины по теме биолабораторий,Рябков: Москва не получила ответа от США и Украины по теме [[биолабораторий]]
2,yes,biolabs,11,ria:d89e3f1904,ria,2026-09-23,headline,yes,,Лавров: военно-биологическая активность некоторых стран вызывает вопросы,Лавров: [[военно-биологическая]] активность некоторых стран вызывает вопросы
2,yes,biolabs,12,tass-en:533b3b7591,tass-en,2026-09-23,headline,yes,,Russia concerned about military-biological activities of several countries — Lavrov,Russia concerned about [[military-biological]] activities of several countries — Lavrov
2,yes,biolabs,13,kp:06cc4e4741,kp,2026-09-24,headline,yes,,Рябков: РФ не получила от США и Украины ответ по теме биолабораторий,Рябков: РФ не получила от США и Украины ответ по теме [[биолабораторий]]
2,yes,biolabs,14,lenta:abb8fbafc4,lenta,2026-09-01,text,yes,,В России обеспокоились вероятностью искусственной природы вспышки лихорадки Западного Нила,"…напомнил, что российская разведка давно рассекретила множество западных [[биолабораторий]] на территориях бывших республик СССР, включая Украину. Национальная разведка…"
2,yes,biolabs,15,ria:ae02a041e2,ria,2026-09-04,headline,yes,,Американский политик признала финансирование США биолабораторий на Украине,Американский политик признала финансирование США [[биолабораторий]] на Украине
2,yes,biolabs,16,aif:a405af3791,aif,2026-09-25,lead,yes,,Опыты над детьми и солдатами ВСУ: раскрыты детали жутких экспериментов НАТО,…ой листериоза. Эксперт Игорь Никулин в эксклюзивной беседе с aif.ru раскрыл связь смертельной инфекции с опытами НАТО и [[биолабораториями]] на Украине.
2,yes,biolabs,17,gazeta:a7fcf943e3,gazeta,2026-09-04,text,yes,,"В Совбезе РФ заявили, что США признали ведение военных биоразработок","…СБ РФ обратил внимание, что национальная разведка США сообщила о более 120 [[биолабораториях]]. Но, по данным российской стороны, Соединенные Штаты создали свыше 330 таких…"
2,yes,biolabs,18,aif:c80737084f,aif,2026-09-23,headline,yes,,Лавров: военно-биологическая активность ряда стран вызывает вопросы,Лавров: [[военно-биологическая]] активность ряда стран вызывает вопросы
2,yes,biolabs,19,vesti:ed997c81bf,vesti,2026-09-24,text,yes,,Рябков заявил о стремлении Москвы к долгосрочному решению украинского конфликта,"… Кроме того, Рябков обратил внимание на то, что российская сторона так и не получила официальных разъяснений по вопросу [[биолабораторий]] ни от Украины, ни от США."
2,yes,biolabs,20,vesti:df3b6d649d,vesti,2026-09-04,text,yes,,"Шевцов заявил, что Вашингтону хватило смелости признать свои биоразработки",…что Национальная разведка США сообщила о более чем 120 американских [[биолабораториях]]. Накануне американский политик Кимберли Лоу на полях Восточного…
2,yes,biolabs,21,tsargrad:d99c57d721,tsargrad,2026-09-01,headline,yes,,Вспышка лихорадки Западного Нила: Россию атакуют с биолабораторий? Микробиолог сделал заявление,Вспышка лихорадки Западного Нила: Россию атакуют с [[биолабораторий]]? Микробиолог сделал заявление
2,yes,biolabs,22,vesti:103185a832,vesti,2026-09-04,headline,yes,,"Кимберли Лоу заявила, что Вашингтон финансировал биолаборатории на Украине","Кимберли Лоу заявила, что Вашингтон финансировал [[биолаборатории]] на Украине"
2,yes,biolabs,23,life:ec84eb700d,life,2026-09-23,headline,yes,,Лавров: Военно-биологическая активность ряда стран вызывает вопросы,Лавров: [[Военно-биологическая]] активность ряда стран вызывает вопросы
2,yes,biolabs,24,tsargrad:e880d66db8,tsargrad,2026-09-04,text,yes,,"Россия сорвала биологическую атаку? Шевцов открыто сказал: ""У американцев наконец хватило духу признать""","…что национальная разведка США докладывала о более 120 американских [[биолабораториях]]. Однако русская разведка считает, что их свыше 330. КОЛЛАЖ ЦАРЬГРАДА Стоит…"
2,yes,biolabs,25,ria:112047e18f,ria,2026-09-24,headline,yes,,"Россия не получила ответ от США по теме биолабораторий, заявил Рябков","Россия не получила ответ от США по теме [[биолабораторий]], заявил Рябков"
2,superseded,nuclear-threat,1,tsargrad:25acb0ae46,tsargrad,2026-09-14,text,no,a Ukrainian journalist's call to strike Russia (the opposite),Теперь всё ясно: Гордону* запретили идти на фронт. Отмазка фантастическая,"…14 годам лишения свободы. Основанием стали, в частности, призывы к нанесению [[ядерного удара]] по России и распространение ложной информации о Вооружённых силах РФ. На…"
2,superseded,nuclear-threat,2,tsargrad:c24be6b573,tsargrad,2026-09-23,headline,yes,,"""Посейдон"" - самое секретное оружие России. Кто был его прадедушкой?","""[[Посейдон]]"" - самое секретное оружие России. Кто был его прадедушкой?"
2,superseded,nuclear-threat,3,ria:b39cf32120,ria,2026-09-04,text,yes,,Нарышкин резко высказался о западных политиках,"…Союз, и Соединенные Штаты сумели пойти на взаимные уступки и удержать мир от [[ядерной войны]]"", - сказал Нарышкин на заседании Совещания руководителей органов безопасности…"
2,superseded,nuclear-threat,4,ukraina:2a05e1b373,ukraina,2026-09-06,headline,yes,,"Александр Носович: Россия не защитит Калининград от НАТО, если не будет готова применить ядерное оружие","Александр Носович: Россия не защитит Калининград от НАТО, если не будет готова [[применить ядерное]] оружие"
2,superseded,nuclear-threat,5,ukraina:fb03829db4,ukraina,2026-09-21,text,yes,,"Ростислав Ищенко: Европа хочет усилить свои армии так, чтобы в случае войны с Россией свести дело к ничье","…упираются в одну проблему: ""Что вы будете делать, если Россия [[применит ядерное]] оружие"". - И по поводу США. Их министр ВВС заявил, что они разместили на орбите…"
2,superseded,nuclear-threat,6,tsargrad:978497ee5b,tsargrad,2026-09-22,text,yes,,Какую должность может занять генерал Суровикин после возвращения в Россию?,"…что генерал открыто заявлял о готовности отдать приказ о применении [[тактического ядерного]] оружия. Информация дошла до тогдашнего главы Белого дома Джо Байдена, и…"
2,superseded,nuclear-threat,7,life:786042a21b,life,2026-09-04,text,no,the United States and Iran,"Иран усилился, Трамп пошёл ко дну: Политолог подвёл итоги войны на Ближнем Востоке","…такое ощущение, что Трамп может пойти на самое невообразимое — [[применить ядерное]] оружие по отношению к Ирану. Других средств у него уже не остаётся», — предположил…"
2,superseded,nuclear-threat,8,lenta:d7badea53b,lenta,2026-09-07,headline,yes,,Российские БПЛА получат вариант для ядерной войны,Российские БПЛА получат вариант для [[ядерной войны]]
2,superseded,nuclear-threat,9,gazeta:918d412f75,gazeta,2026-09-23,text,yes,,"В Госдуме призвали уничтожать в третьих странах заводы, производящие оружие для Украины",…скам давно следовало ударить «Орешком» по производящим оружие для Украины заводам в Европе. Ранее в Госдуме поспорили о [[ядерных ударах]] по Украине.
2,superseded,nuclear-threat,10,tass-en:c2184fba4b,tass-en,2026-09-14,text,no,the US P-8 Poseidon aircraft ('anti-submarine'),US reconnaissance drone flies over Persian Gulf for several hours,"…the capabilities of anti·submarine aircraft such as the Boeing P·8 [[Poseidon]]. In the spring, one of the Northrop Grumman MQ-4C Triton aircraft had an…"
2,superseded,nuclear-threat,11,inosmi:b082134e3e,inosmi,2026-09-04,text,yes,,"Британцам придется туго: Лондон придумал, как оплатить борьбу с Россией (The Times, Великобритания)","…и сменой декораций. Еще две минуты назад мы все трепетали перед угрозой [[ядерной войны]] с Россией. А теперь всего этого можно избежать, просто введя НДС на…"
2,superseded,nuclear-threat,12,ria:0a19e2e7c1,ria,2026-09-08,text,no,Peskov on Hiroshima,Песков: Япония не вспоминает США во время траура по Хиросиме и Нагасаки,"…Соединенные Штаты Америки - единственную страну в мире, которая [[применила ядерное]] оружие"", - сказал Песков журналистам. Ранее премьер-министр Японии Санаэ Такаити…"
2,superseded,nuclear-threat,13,pnp:567ba04255,pnp,2026-09-15,text,no,"Finland's doctrine, reported neutrally",Что могло стоять за заявлением Мерца о «решающем моменте» для Европы,"…лета неоднократно заявляла, что готова разместить на своей территории ядерное оружие. Финляндия изменила свою [[ядерную доктрину]], присоединившись к инициированному…"
2,superseded,nuclear-threat,14,aif:5a57275a91,aif,2026-09-15,text,yes,,Евродепутат от Словакии назвал Каллас главной гибридной угрозой для Европы,"…для Европы» — это не русские, а Каллас, которая хочет втянуть Европу в [[ядерную войну]]. «Вы — подстрекатель к войне, госпожа Каллас. Пошли вы уже куда подальше!» —…"
2,superseded,nuclear-threat,15,ria:eb60a7d8f2,ria,2026-09-25,text,yes,,"Исследователь объяснил смысл в сообщениях ""Радиостанции Судного дня""","…о том, что станция якобы входит в систему управления ответным массированным [[ядерным ударом]] ""Периметр"", которую на Западе называют ""Мертвая рука"". Официально это не…"
2,superseded,nuclear-threat,16,tsargrad:34b35a22ea,tsargrad,2026-09-11,headline,yes,,"""Орешник"" ситуацию не изменит. Шлепченко: ""Для наказания Зеленского хватит самой обычной ""Гераньки""","""[[Орешник]]"" ситуацию не изменит. Шлепченко: ""Для наказания Зеленского хватит самой обычной ""Гераньки"""
2,superseded,nuclear-threat,17,life:6689e29ec6,life,2026-09-11,headline,yes,,«Как гитлеровцы»: Военный эксперт предрёк нападение НАТО на Россию с ядерного удара,«Как гитлеровцы»: Военный эксперт предрёк нападение НАТО на Россию с [[ядерного удара]]
2,superseded,nuclear-threat,18,tsargrad:c34e14b81c,tsargrad,2026-09-09,text,no,an explainer on deterrence,Удары ВС России по Украине: Какой ущерб нанесён на самом деле?,…катастрофических последствий служила главным предохранителем от развязывания [[ядерной войны]]. Впервые это понятие стали использовать в американских стратегических…
2,superseded,nuclear-threat,19,tsargrad:5331e53a00,tsargrad,2026-09-10,text,yes,,"""Я разочарован"": Медведев сделал откровенное заявление по бывшим партнёрам России","…украинского конфликта уже неоднократно давали России повод для [[применения ядерного]] оружия. Это и вторжение ВСУ в Курскую область, и удары по Запорожской АЭС, и…"
2,superseded,nuclear-threat,20,aif:e6deecc771,aif,2026-09-01,lead,yes,,Пападакис: действия ЕС могут привести к ядерной катастрофе,"Депутат Европарламента Костас Пападакис предупредил, что создание ЕС собственной [[ядерной доктрины]] и «ядерного зонтика» приближает мир к катастрофе и ведет к эскалации с Россией. Он призвал Еврокоми…"
2,superseded,nuclear-threat,21,kp:fca5245806,kp,2026-09-09,text,yes,,Медведев рассказал о разочаровании в европейских партнерах,"…ти европейских элит поражения и распада России. При этом он не считал, что у Запада есть стратегия провоцирования РФ на [[применение ядерного]] оружия."
2,superseded,nuclear-threat,22,mk:4a2417b43b,mk,2026-09-22,headline,no,a moral essay on nuclear war,Атомной бомбой — по христианской вере: в ядерной войне победителей не будет,Атомной бомбой — по христианской вере: в [[ядерной войне]] победителей не будет
2,superseded,nuclear-threat,23,vesti:1fd697bdbf,vesti,2026-09-16,text,yes,,Евродепутат от Словакии Блага обвинил Каллас в подстрекательстве к войне,"…разместил в Telegram-канале. Каллас подталкивает Европейский союз (ЕС) к [[ядерной войне]], подчеркнул Блага. Это вы напали на Россию. Вы расширялись до российских…"
2,superseded,nuclear-threat,24,tsargrad:7c331ae7ff,tsargrad,2026-09-11,headline,yes,,"Колесник: Украина близка к удару по ней ""Орешником""","Колесник: Украина близка к удару по ней ""[[Орешником]]"""
2,superseded,nuclear-threat,25,rt-ru:16faff565d,rt-ru,2026-09-01,lead,yes,,МИД Китая не подтвердил слова Стубба о влиянии Пекина на Россию,"…ердил заявление президента Финляндии Александра Стубба о том, что Пекин якобы готов воздействовать на Россию по вопросу [[применения ядерного]] оружия."
2,yes,traditional-values,1,ria:0702ed82bb,ria,2026-09-15,text,yes,,Артур Орлов: дети стали соавторами взрослых в решении серьезных задач,"…""Движения первых"" – ребята, наставники – держится именно на опоре [[традиционных ценностей]]. Наша страна большая, многонациональная, уникальная: у нас проживает 194…"
2,yes,traditional-values,2,rg:36c447f38b,rg,2026-09-01,text,yes,,"Как спасали россиянку Кристину Романову от мексиканского рабства. Эксклюзив ""РГ""","…организацией и запрещенное в России) не принимаем. Для нас важны [[традиционные семейные ценности]]. Попросила, чтобы моя дочь, гражданка России, не посещала этот…"
2,yes,traditional-values,3,tsargrad:a4dba9c083,tsargrad,2026-09-10,text,yes,,Дух степной столицы: В столице Калмыкии отметили 80-летие Элистинского чуда,…Н. Пальмова. Совместно с Бату Хасиковым они обсудили вопросы сохранения [[традиционных ценностей]] и духовного суверенитета. Как подчеркнул Константин Малофеев: В Империи…
2,yes,traditional-values,4,kremlin:ff159fa871,kremlin,2026-09-10,text,yes,,Встреча с губернатором Псковской области Михаилом Ведерниковым,"…в том числе из недружественных государств жителей, разделяющих наши [[традиционные ценности]]. Мы первыми в стране создали институт уполномоченного по работе с…"
2,yes,traditional-values,5,kremlin-en:7c5c24b6f9,kremlin-en,2026-09-24,text,yes,,"Greetings to participants, organisers, and guests of the 12th St Petersburg International United Cultures Forum","…between people and nations, helping to preserve historical memory, [[spiritual and moral]] values, as well as passing them from one generation to the next. Respect…"
2,yes,traditional-values,6,vesti:812685717d,vesti,2026-09-06,text,yes,,Сквернословие назвали ударом по духовному миру человека,"…сердце, если мы будем так осквернять его Ранее митрополит Псковский и Порховский сказал, что [[духовно-нравственные]] ориентиры человека должны закладываться еще в детстве."
2,yes,traditional-values,7,ria:8b511f50c9,ria,2026-09-20,text,yes,,"""Это революция"". Дерзкое решение Германии вызвало панику в ЕС",…Она выступает за ужесточение миграционной политики и защиту [[традиционных ценностей]]. Канцлер Германии Фридрих Мерц признал проигрыш своего…
2,yes,traditional-values,8,pnp:53fa7968b1,pnp,2026-09-17,text,yes,,Ректор МГЛУ Ирина Краева — о преподавании духовных ценностей и цифровом одиночестве школьников,…Краевой. С сентября 2026 года в школах появился новый предмет «[[Духовно-нравственная]] культура России» (ДНКР). Его главная цель — формирование у школьников…
2,yes,traditional-values,9,pnp:a68f9aa40e,pnp,2026-09-14,text,yes,,Сенатор Гумерова: Россия была и остается открытым домом для молодых талантов,"…многонациональной страной, которая создает свое будущее с опорой на [[традиционные ценности]], что позволяет выстраивать гармоничные отношения с представителями других…"
2,yes,traditional-values,10,pnp:7ed31ec339,pnp,2026-09-02,text,yes,,В Совфеде дали старт проекту «Костромская семья»,"…а также создание единого информационного пространства для продвижения [[традиционных семейных ценностей]]», — написал зампредседателя Совета Федерации. Также он указал,…"
2,yes,traditional-values,11,pnp:863371a7a9,pnp,2026-09-12,text,yes,,Путин отказался комментировать победу «Альтернативы для Германии»,"…43,8% голосов. Партия выступает за ужесточение миграционной политики, сохранение [[традиционных ценностей]] и восстановление отношений с Россией. Читайте также:"
2,yes,traditional-values,12,kp:4c5a2d766c,kp,2026-09-12,text,yes,,«Весь мир устал»: Дмитриев рассказал о реакции людей на ошибки глобалистов,"…взглядами теряют связь с реальностью. По его словам, они боятся [[традиционных ценностей]], энергетического сотрудничества и правды, что приводит их в тупик.…"
2,yes,traditional-values,13,gazeta:0d94bbb5d3,gazeta,2026-09-23,text,yes,,"Мария Захарова рассказала, почему не стала покупать сумку Chanel",…арядные устройства и другие необходимые для рабочих поездок вещи. Ранее в России запустили бренд одежды в честь указа о [[традиционных ценностяхк]]
2,yes,traditional-values,14,lenta:8c702829df,lenta,2026-09-01,text,yes,,Володин обратился к российским школьникам,"…стью перешли на единые учебники истории. Кроме того, по данным министра, в учебных заведениях появился новый предмет — «[[Духовно-нравственная]] культура России»."
2,yes,traditional-values,15,iz:9aafc5595f,iz,2026-09-08,text,yes,,Бывший генпрокурор Грузии создал подразделение и ушел на СВО на стороне России,"…объединило сторонников сближения России и Грузии, а также защиты [[традиционных семейных ценностей]]. Название подразделения отсылает к Георгиевскому трактату 1783…"
2,yes,traditional-values,16,gazeta:7254a2468b,gazeta,2026-09-20,text,yes,,Жители одной страны за океаном массово заинтересовались переездом в Россию,"…учреждения на переезд в Россию, поскольку разделяют традиционные [[духовно-нравственные]] ценности страны. Посол уточнил, что для таких иностранцев в РФ…"
2,yes,traditional-values,17,ria:024773b546,ria,2026-09-16,text,yes,,"Житель Москвы потребовал добавить кресты на витражи станции метро ""Трубная""","…и других. Цель закона - защита чувств верующих и сохранение традиционных [[духовно-нравственных]] ценностей. Воронов обратился в суд как православный христианин,…"
2,yes,traditional-values,18,kp:96e96f4162,kp,2026-09-23,text,yes,,"""Изоляция? Не слышали"": В Москву съехались 6 тысяч общественников из 154 стран","…достоинство, культурное многообразие и доброта, единство и солидарность. [[Традиционных ценностей]] в мире оказалось много. Тем важнее, что большинство народов их…"
2,yes,traditional-values,19,kremlin:179b8f389b,kremlin,2026-09-25,headline,yes,,Алексей Дюмин принял участие в заседании комиссии Госсовета «Культура и традиционные духовно-нравственные ценности»,Алексей Дюмин принял участие в заседании комиссии Госсовета «Культура и традиционные [[духовно-нравственные]] ценности»
2,yes,traditional-values,20,tsargrad:32beb6cd7c,tsargrad,2026-09-21,text,yes,,Элиты тормозили власти России. Теперь игра пошла по-крупному,"…Ле Пен в русофобии и поддержке Киева Тот факт, что они придерживаются [[традиционных ценностей]] и противостоят размыванию национальной идентичности своих народов, ещё…"
2,yes,traditional-values,21,ria:32966b70bc,ria,2026-09-15,text,yes,,"Никто на фестивале молодежи не вспоминает о Западе, заявила Захарова","…что, считаете, что они будут ходить и думать о тех, кто только исповедует [[деструктивную идеологию]] разрушения, ненависти, сегрегации? Конечно, нет!"" - сказала дипломат."
2,yes,traditional-values,22,mk:44405f584c,mk,2026-09-15,text,no,a column questioning the slogan,"«Любить по-русски, рожать по-нигерийски»: почему из чужой демографии нам предлагают взять только количество детей",…что семь детей — это не семь красивых младенцев на плакате о [[традиционных ценностях]]. Это семь мест в школе. Семь комплектов учебников. Семь кружков. Потом…
2,yes,traditional-values,23,pnp:1195af10c0,pnp,2026-09-17,text,yes,,Учителям написали правила работы с искусственным интеллектом,"…законодательства о персональных данных, защите детей и традиционных [[духовно-нравственных]] ценностях. Эти рекомендации для учителей актуальны уже сейчас, однако…"
2,yes,traditional-values,24,vesti:08d99ff9db,vesti,2026-09-06,lead,yes,,Митрополит Псковский считает важным знакомство школьников с местными святынями,"Посещение монастырей, храмов, а также знакомство со святынями регионов является интересным форматом для [[духовно-нравственного]] воспитания школьников."
2,yes,traditional-values,25,ria:c135f83e86,ria,2026-09-14,text,yes,,"Мерц признал, что внешнеполитические вопросы ему важнее кризиса в Германии",…Она выступает за ужесточение миграционной политики и защиту [[традиционных ценностей]]. Мерц признал проигрыш своего Христианско-демократического союза. Он…
2,yes,western-decadence,1,rg:36c447f38b,rg,2026-09-01,text,yes,,"Как спасали россиянку Кристину Романову от мексиканского рабства. Эксклюзив ""РГ""","…подростка"", - вспоминает Марина. - Но самое главное: школа начала откровенную [[ЛГБТ]]-пропаганду"". - Я сказала директору: у нас православная семья, мы ЛГБТ…"
2,yes,western-decadence,2,ria:66a44da23f,ria,2026-09-16,text,yes,,Украинский конфликт: за нашу и вашу европейскую культуру,"…человек, ничем не детерминированный — даже своей природой, если брать [[трансгендерство]]*. И в этот раз это не направлено только против нас. Мы опять, как писала…"
2,yes,western-decadence,3,tass-en:109d37376b,tass-en,2026-09-08,headline,yes,,"Moscow court fines TikTok $40,420 over LGBT-related content","Moscow court fines TikTok $40,420 over [[LGBT]]-related content"
2,yes,western-decadence,4,life:cad2869b01,life,2026-09-19,text,yes,,В Петербурге треш-стримеры жестоко убили кролика в прямом эфире ради донатов,"…того, один из треш-стримеров издевался над больными людьми и занимался [[пропагандой ЛГБТ]]*. За жестокое обращение с животными при наличии предусмотренных законом…"
2,yes,western-decadence,5,life:2a849a1cab,life,2026-09-13,text,no,news of an attack at a parade,В Берлине закрыли дело против застреливших террориста полицейских,"…скончался на месте. Напомним, в Германии микроавтобус въехал в толпу во время [[ЛГБТ]]*-парада в Берлине. Инцидент произошёл вечером в районе парка Тиргартен. Число…"
2,yes,western-decadence,6,ukraina:b6fff72ba9,ukraina,2026-09-02,text,yes,,Святые горы Донбасса вернулись на Родину: российская армия освободила Святогорск,"…произошедшего было множество, в украинских соцсетях многие писали о [[сатанизме]]*: слишком уж бессмысленным и кровавым было убийство – без ограбления или…"
2,yes,western-decadence,7,ria:f9f82ea404,ria,2026-09-12,lead,yes,,"В Харькове прошел гей-парад*, на котором собирали деньги для ВСУ","Представители [[ЛГБТ]]* провели гей-парад в Харькове, на котором собирали деньги для ВСУ, сообщили организаторы в социальн…"
2,yes,western-decadence,8,ria:4958a436d7,ria,2026-09-17,text,yes,,Лавров высказался о планах Киева создать пантеон с прахом нацистов,…создать «пантеон героев» для захоронения останков нацистов. - Лавров назвал [[сатанизмом]] перезахоронение останков нацистских преступников на территории…
2,yes,western-decadence,9,life:912f69718e,life,2026-09-13,headline,yes,,На подземном параде ЛГБТ* в Харькове собирали деньги на автомобиль для ВСУ,На подземном параде [[ЛГБТ]]* в Харькове собирали деньги на автомобиль для ВСУ
2,yes,western-decadence,10,aif:b07a9d4e84,aif,2026-09-11,text,yes,,"Больная страна. Сына «героя Украины» чуть не задушили дети, играя «в ТЦК»","…детей, если его можно так назвать, проходит в откровенно нацистском и [[сатанинском]] ключе, что поддерживает военная и политическая верхушка страны. Дети не видят…"
2,yes,western-decadence,11,ukraina:668a8285ad,ukraina,2026-09-02,text,no,an incidental mention in a memoir,"Сексот не умеет говорить слово ""нет"": о КГБ, Украине и моих допросах","…кодовые клички-погоняла, были падки на привычки, которые сейчас идут по разряду [[ЛГБТ]]*, или обладают мелкоуголовными наклонностями и воруют ложки и скрепки со…"
2,yes,western-decadence,12,tsargrad:92baec2867,tsargrad,2026-09-05,text,yes,,Очень странная смерть в США: Ведьма-Долли – что о ней известно,"…Партон некоторые даже в ""ведьмы"" записали. Мол, она на этих словах сделала [[сатанинский]] жест, так называемую ""козу"" – значит, речь идёт о детских жертвоприношениях.…"
2,yes,western-decadence,13,inosmi:7028031c50,inosmi,2026-09-22,text,yes,,"""Доведем до конца"": Трамп сделал заявление о конфликте на Украине на ГА ООН (ООН, США)","…время на критику Соединенных Штатов за то, что мы защищаем наших детей от [[трансгендерного]]*** калечения и трансгендерного*** безумия, а также обеспечиваем соблюдение…"
2,yes,western-decadence,14,ria:0744d0cb8e,ria,2026-09-15,text,yes,,Евгений Поддубный: быть патриотом России — норма,…легионеров СС — и это с разрешения властей. Про Украину с ее практически [[сатанинским]] культом нацистских преступников и их пособников из УПА* я и вовсе молчу... Это…
2,yes,western-decadence,15,life:422976bc80,life,2026-09-13,headline,no,celebrity gossip,Галкин* после смены имиджа стал любимцем у представителей ЛГБТ**,Галкин* после смены имиджа стал любимцем у представителей [[ЛГБТ]]**
2,yes,western-decadence,16,rt-ru:d8a279cde9,rt-ru,2026-09-01,text,yes,,"Захарова — о внесении Дегтярёва в санкционный список ЕС: это антиспортивное лобби, а не спортивное","…пытались уничтожить. Это же было лобби, которое придумало всю эту [[трансгендерную]]* ерунду, соревнования третьих полов. Это был удар по олимпийскому движению и…"
2,yes,western-decadence,17,lenta:262019f12d,lenta,2026-09-01,lead,no,the legally required note on 'satanism',За бывшую замглавы офиса Зеленского внесли «дьявольскую» сумму залога,…идента Украины Владимира Зеленского Ирину Мудрую внесли «дьявольскую» сумму залога — 666 гривен (международное движение [[сатанизма]] признано в России экстремистским и запрещено). Об этом заявил ее…
2,yes,western-decadence,18,tsargrad:f9f82f0615,tsargrad,2026-09-19,text,yes,,"""Газпром"" потерял 30 миллиардов за 2 года: Это неприятный звоночек","…ответственности. Поводом для этого стала демонстрация на телеканале ""Киномикс"" [[ЛГБТ]]*-пропаганды (в фильме ""Облачный атлас""). Компанию оштрафовали на 1 млн рублей -…"
2,yes,western-decadence,19,inosmi:cb55cdab2b,inosmi,2026-09-08,text,yes,,"""Это просто смешно"": в Швеции вскрыли ложь Германии об инциденте в Лейпциге (SwebbTV, Швеция)",…десятилетиями о непрерывных заходах в их воды наших подлодок. Типичная Европа. [[Гейропа]]. Вход на сайт Срок действия ссылки истек Назад Регистрация Регистрация Ваши…
2,yes,western-decadence,20,aif:7daad8fe4b,aif,2026-09-19,text,yes,,"Опасная тайна Брижит. Загадочно умерла журналистка, разоблачившая Макронов","…Рей, настоящая Брижит умерла в детстве, а её старший брат Жан-Мишель Троньё [[сменил пол]]* и стал жить по документам сестры. С этого момента семья Макрон развернула…"
2,yes,western-decadence,21,ria:598bca66fb,ria,2026-09-15,text,yes,,"Против России ведется полноценная когнитивная война, заявил Поддубный","…СС - и это с разрешения властей, добавил он. ""Про Украину с ее практически [[сатанинским]] культом нацистских преступников и их пособников из УПА* (Украинская…"
2,yes,western-decadence,22,mk:310ff5bd06,mk,2026-09-23,headline,yes,,В Кургане с наркотиками задержан проукраинский ЛГБТ*-идеолог,В Кургане с наркотиками задержан проукраинский [[ЛГБТ]]*-идеолог
2,yes,western-decadence,23,ria:dac2b0b05a,ria,2026-09-09,text,yes,,МИД: Россия требует от датских СМИ прекратить травлю школы при посольстве,"…ситуации в самой Дании, включая интенсивную милитаризацию общества и насаждение [[ЛГБТ]]-пропаганды* в школьных учреждениях"", - говорится в заявлении Захаровой,…"
2,yes,western-decadence,24,tsargrad:8cd3ed673d,tsargrad,2026-09-08,text,no,a US sheriff's list of hypotheses,В США шериф допустил причастность пришельцев к массовым смертям коров в Орегоне,"…признался журналистам, что перебрал все возможные варианты — от [[сатанинских]] культов до тайных правительственных экспериментов, — но ни один из них не…"
2,yes,western-decadence,25,ria:74c7007668,ria,2026-09-11,headline,yes,,Захарова прокомментировала ЛГБТ*-чистки в Госдепартаменте США,Захарова прокомментировала [[ЛГБТ]]*-чистки в Госдепартаменте США
2,superseded,russian-world,1,tsargrad:bc3b433d4f,tsargrad,2026-09-18,text,yes,,"Слова Овечкина исказили свои же: Как хоккеист внезапно ""перестал"" быть русским","…что чиновники выслуживаются перед неведомым руководством, стирая саму суть [[русского мира]]. Если русскость вымарывают даже из школьных экзаменов, то что мешает…"
2,superseded,russian-world,2,life:4f4bcf60d5,life,2026-09-21,text,yes,,"7 привычек, которые выдают русского человека в любой стране, — проверьте, сколько узнали в себе","…не нужно переводить. В школе их не проходят, но понятны они всем, для кого «[[Русский мир]]» — не просто слова. Life.ru вспоминает семь привычек, по которым мы…"
2,superseded,russian-world,3,zvezda:6654e629b8,zvezda,2026-09-19,text,yes,,Явка на выборах в Госдуму превысила 30%,"…первый раз, когда на парламентских выборах смогут голосовать жители Донбасса и [[Новороссии]] после воссоединения, а также военнослужащие, участвующие в специальной военной…"
2,superseded,russian-world,4,ukraina:4122584018,ukraina,2026-09-20,headline,yes,,"Как Россию сделали снова великой: Стоякин о присоединении Малороссии, Алексее Михайловиче и Никоне","Как Россию сделали снова великой: Стоякин о присоединении [[Малороссии]], Алексее Михайловиче и Никоне"
2,superseded,russian-world,5,tass-en:d22bfb5c81,tass-en,2026-09-18,text,yes,,"FACTBOX: Attacks on remote e-voting system, rise in fake news amid elections in Russia","…cast their ballots online within the first two and a half hours. Donbass, [[Novorossiya]] - The State Duma elections have begun in the Lugansk People’s Republic (LPR)…"
2,superseded,russian-world,6,rg:b82499ed29,rg,2026-09-02,text,yes,,Считать по осени,"…Это субъекты Федерации, где есть труднодоступные районы, а также Донбасс и [[Новороссия]], где действует военное положение, и соседние с ними регионы, в которые введен…"
2,superseded,russian-world,7,kp:f0427b23e1,kp,2026-09-18,headline,yes,,В ЦИК рассказали о степени интеграции Донбасса и Новороссии в избирательную систему РФ,В ЦИК рассказали о степени интеграции Донбасса и [[Новороссии]] в избирательную систему РФ
2,superseded,russian-world,8,mk:ac68fd5506,mk,2026-09-17,headline,yes,,"Донбассу и Новороссии решено предоставить 8,2 млрд рублей на выплаты пенсий","Донбассу и [[Новороссии]] решено предоставить 8,2 млрд рублей на выплаты пенсий"
2,superseded,russian-world,9,kp:997edf160f,kp,2026-09-18,text,yes,,Первые избиратели пришли на участки на Дальнем Востоке,"…Элла Памфилова уточнила, что в них впервые примут участие жители Донбасса и [[Новороссии]]. Президент России Владимир Путин призвал и российских военных тоже проявлять…"
2,superseded,russian-world,10,rg:81eb6bc821,rg,2026-09-25,text,yes,,ЦИК подвела окончательные итоги выборов в Госдуму. Кто вошел в новый состав палаты,…погибших за время избирательной кампании в Белгородской области в Донбассе и [[Новороссии]] и предложила почтить их память минутой молчания. На этих выборах был побит…
2,superseded,russian-world,11,life:bb9764ae09,life,2026-09-19,text,yes,,"В Авдеевке заявили о явке 99,9% на выборах в Госдуму","…— рассказала RT Осеева. Ранее Life.ru писал, что жители Донбасса и [[Новороссии]] впервые участвуют в очередных выборах депутатов Госдумы. В ДНР часть…"
2,superseded,russian-world,12,ukraina:8a95da40bc,ukraina,2026-09-20,headline,yes,,"Выжить на ""дороге смерти"": что на самом деле происходит на трассах Новороссии","Выжить на ""дороге смерти"": что на самом деле происходит на трассах [[Новороссии]]"
2,superseded,russian-world,13,life:50570e75fb,life,2026-09-21,text,yes,,ЦИК: Кандидаты ЕР лидируют в двух округах Пермского края на выборах в Госдуму,…десять партий. Впервые в этих выборах участвовали жители регионов Донбасса и [[Новороссии]]. В те же дни избиратели определяли состав законодательных собраний 39…
2,superseded,russian-world,14,ukraina:2e55e0ec22,ukraina,2026-09-25,text,yes,,"Окопное творчество, старт восстановления двух храмов в Донецке. 25 сентября 2026 года, вечерний эфир","…Гости: Анастасия Бабир – военкор, солистка рок-группы ""Странник"". * Тема дня [[Новороссии]]. Старт восстановления двух храмов в Донецке. Гость: Андрей Крамар – зампред НС…"
2,superseded,russian-world,15,ria:62937f59ee,ria,2026-09-04,text,no,the R-280 'Novorossiya' highway,В Херсонской области два мирных жителя погибли из-за ударов БПЛА за неделю,"…в Алешках, Великой Лепетихе, Новоалексеевке, в районе Сальково на трассе ""[[Новороссия]]"", в Бехтерах и Новозбруевке, Каирах, Каховке, на автодороге Таврийское -…"
2,superseded,russian-world,16,gazeta:443a28a6cc,gazeta,2026-09-17,lead,yes,,Памфилова рассказала об уникальности предстоящих парламентских выборов,Памфилова: новые выборы отличаются от других участием Донбасса и [[Новороссии]]
2,superseded,russian-world,17,mk:e62a73ecf3,mk,2026-09-22,lead,no,a 'native Russian' patronymic,Отречемся от старого отчества: Никитичи и Никитичны могут перевестись на земле русской,Никиты по всей России массово отказываются от [[исконно русского]] отчества Никитич и Никитична. Молодые папы требуют записывать их детей современно - Никитович и Ник…
2,superseded,russian-world,18,aif:e30db928dd,aif,2026-09-10,text,yes,,Ответил за измену. Предателя Запорожья жестоко покарали в зоне СВО,"…момент начала СВО работал в Ореховском районе на различных агропредприятиях. [[Русского мира]] он не принял и перебрался в оккупированное Запорожье, где внезапно…"
2,superseded,russian-world,19,tsargrad:c0e97b8a2d,tsargrad,2026-09-23,lead,yes,,Мащенко: Крым стал ориентиром для исторических регионов на выборах в Госдуму,Крым стал примером для Донбасса и [[Новороссии]] в организации выборов депутатов Государственной думы.
2,superseded,russian-world,20,tass-en:52a34b7860,tass-en,2026-09-16,text,yes,,President Putin encourages Russians to cast votes in country’s parliamentary election,"…will take place from September 18 to 20, 2026. Residents of the Donbass and [[Novorossiya]] regions will participate in the State Duma elections for the first…"
2,superseded,russian-world,21,zvezda:e12467b1f5,zvezda,2026-09-20,text,yes,,Явка на выборах в Госдуму РФ превысила 50 процентов,"…первый раз, когда на парламентских выборах смогут голосовать жители Донбасса и [[Новороссии]] после воссоединения, а также солдаты и офицеры, участвующие в боевых…"
2,superseded,russian-world,22,tsargrad:e756268087,tsargrad,2026-09-22,text,yes,,"Услышав об угрозах чиновников, ветеран СВО сказал: Просто трясёт","…народу, а не наоборот"". А затем задаётся вопросом: ""С каких пор борьба за [[Русский мир]] стала наказанием?"" При этом сама чиновница отрицает, что говорила о СВО именно…"
2,superseded,russian-world,23,tsargrad:9051b587c5,tsargrad,2026-09-15,text,yes,,Полковник Пинчук назвал 5 вариантов исхода СВО,…потерь. Итогом компромисса станет закрепление за Россией Донбасса и [[Новороссии]] при условии нейтрального статуса Украины. Взамен Киев получит ограниченные…
2,superseded,russian-world,24,rg:6c7e2c750a,rg,2026-09-15,text,no,the highway,Апокалипсис откладывается. Пока...,"…усугубляется логистическим локдауном, который устроила Украина на трассе ""[[Новороссия]]"". Как, в связи с этим, вам удается подвозить необходимое количество…"
2,superseded,russian-world,25,iz:558c8fa3f6,iz,2026-09-05,text,no,the highway,В Ленобласти водитель насмерть сбил лося и погиб сам при вылете в кювет,"…и легкового автомобилей в Ростовской области. Авария произошла на 19-м км автодороги Р-280 «[[Новороссия]]». На трассе столкнулись заказной автобус, фура и легковушка."
2,superseded,enemies-within,1,tsargrad:d26d555a3c,tsargrad,2026-09-16,headline,yes,,Адвокату-иноагенту Ветошкиной назначили штраф в 200 тысяч,Адвокату-[[иноагенту]] Ветошкиной назначили штраф в 200 тысяч
2,superseded,enemies-within,2,ria:f3d0d9e412,ria,2026-09-06,text,yes,,"Суд оставил в силе приговор журналистке ""Дождя""* Анне Монгайт**","…в удовлетворении жалобы защиты. Ранее Монгайт**, внесенная Минюстом в реестр [[иноагентов]] в ноябре 2022 года, неоднократно привлекалась к административной…"
2,superseded,enemies-within,3,kp:2d1f126032,kp,2026-09-25,text,yes,,Фигуриста Александра Гнедина объявили в розыск в РФ,"…из России актер Семен Трескунов* был объявлен в розыск по уголовной статье об [[иноагентах]]. Как писал сайт KP.RU, в марте против него было возбуждено уголовное дело. * —…"
2,superseded,enemies-within,4,tsargrad:fa1c03011c,tsargrad,2026-09-18,headline,yes,,"Хаматова не дождалась статуса иноагента и призналась: ""Мне даже стыдно друзьям в глаза смотреть""","Хаматова не дождалась статуса [[иноагента]] и призналась: ""Мне даже стыдно друзьям в глаза смотреть"""
2,superseded,enemies-within,5,aif:6ad688ee41,aif,2026-09-04,headline,yes,,Юрию Дудю грозит новый штраф за нарушение правил деятельности иноагента,Юрию Дудю грозит новый штраф за нарушение правил деятельности [[иноагента]]
2,superseded,enemies-within,6,gazeta:bec3ea24d9,gazeta,2026-09-23,text,no,label: 'включена Минюстом в список иноагентов',"Долина объяснила, почему Ваню Дмитриенко пригласили в «Голос.Дети»",…детьми требует тонкого подхода. Ранее певица Mona оценила Дмитриенко в «Голосе» (организация включена Минюстом в список [[иноагентов]]).
2,superseded,enemies-within,7,gazeta:fdcd743266,gazeta,2026-09-07,text,yes,,В России создадут межведомственную комиссию по применению ограничительных мер,"…об ограничительных мерах для скрывающихся за границей от исполнения наказания [[релокантов]]. Уточняется, что в список временных ограничительных мер, в частности, войдут:…"
2,superseded,enemies-within,8,mk:b89628ca68,mk,2026-09-14,lead,yes,,Проверка в режиме тишины: что происходит со знаменитой «Троицей» Андрея Рублева?,"…бе «Троицы» Андрея Рублева, несколько лет назад переданной Русской православной церкви. Подогрет он был материалами СМИ-[[иноагента]], распространившего сведения о том, что шедевр иконописи…"
2,superseded,enemies-within,9,lenta:1d207626ed,lenta,2026-09-25,headline,yes,,YouTube-проект Ходорковского признали иноагентом,YouTube-проект Ходорковского признали [[иноагентом]]
2,superseded,enemies-within,10,iz:5ee319b56f,iz,2026-09-08,headline,yes,,Депутат предложил направлять имущество иноагентов на поддержку армии,Депутат предложил направлять имущество [[иноагентов]] на поддержку армии
2,superseded,enemies-within,11,tsargrad:00c0940965,tsargrad,2026-09-14,text,no,"label: 'в список лиц, выполняющих функции иноагента'","""Все окажутся в плюсе"": В Россию планируют завезти почти миллион работниц из КНДР. Но есть нюанс","…Михаил Ходорковский внесён Минюстом России в список лиц, выполняющих функции [[иноагента]]; включён Росфинмониторингом в перечень террористов и экстремистов. ЧИТАЙТЕ…"
2,superseded,enemies-within,12,rt-ru:5324536d11,rt-ru,2026-09-04,text,no,label: 'признана нежелательной организацией',RT: гендиректор «Новой газеты Европа» оказалась гражданкой Мальты,…от неназванных организаций. Подробнее о расследовании — в материале RT. * Признана [[нежелательной организацией]]. ** Признаны иностранными агентами решением Минюста России.
2,superseded,enemies-within,13,ukraina:0d0dccc466,ukraina,2026-09-17,text,no,label (a footnote),"От ""вырву кадык"" до ""меня нельзя на фронт"": почему Зеленский не может без Гордона*","…в перечень террористов и экстремистов Росфинмониторинга, [[иностранный агент]] **Входит в состав объединения, включенного в перечень террористов и…"
2,superseded,enemies-within,14,mk:edcebd4948,mk,2026-09-24,lead,yes,,Прокуратура Москвы потребовала завести дело на экс-премьера России*,"…а Касьянова* (признан иноагентом, внесён в перечень террористов и экстремистов). Речь идёт об уклонении от обязанностей [[иноагента]], сообщает…"
2,superseded,enemies-within,15,inosmi:bd780acd7d,inosmi,2026-09-22,text,no,label: 'признан нежелательной организацией',"Все сходится здесь. Теория о войне НАТО с Россией может стать практикой (Jutarnji.hr, Хорватия)","…лишком много для сценария, которым будет трудно управлять в момент, когда случайно или намеренно все начнется. *Признан [[нежелательной организацией]] на территории РФ"
2,superseded,enemies-within,16,tsargrad:1312d9f501,tsargrad,2026-09-11,text,no,a background mention in gossip,Алла Пугачёва ведёт бизнес на Кипре: Раскрыты подробности,…в доме брата Дмитрия. Летом того же года Галки*был включён в реестр [[иностранных агентов]]. После Пугачёва и Галкин* окончательно перебрались на Кипр. В январе 2026…
2,superseded,enemies-within,17,vesti:30b207ab75,vesti,2026-09-04,headline,yes,,"Интернет-издание ""Новая газета"" внесено в реестр иноагентов","Интернет-издание ""Новая газета"" внесено в реестр [[иноагентов]]"
2,superseded,enemies-within,18,life:e533861029,life,2026-09-07,text,no,label: 'включён в России в реестр иноагентов',"«Сухари, консервы, крупы!» Гордон* закупился тушёнкой и призвал украинцев сметать всё с полок",…ударов по ТЭЦ страна может столкнуться с серьёзными перебоями со светом и отоплением. * Включён в России в реестр [[иноагентов]] и реестр террористов и экстремистов
2,superseded,enemies-within,19,rg:2b5af9143e,rg,2026-09-03,text,yes,,"""Вежлива у немцев только ложь!"" Для чего Берлин использует Институт Гете","…иметь возможность вмешиваться во внутриполитическую ситуацию, поддерживать [[иноагентов]] (ряд организаций, сотрудничающих с российскими отделениями института,…"
2,superseded,enemies-within,20,kp:c7359b6ae4,kp,2026-09-11,headline,yes,,Минюст внес в реестр иноагентов бывшую участницу «Что? Где? Когда?» Мереминскую*,Минюст внес в реестр [[иноагентов]] бывшую участницу «Что? Где? Когда?» Мереминскую*
2,superseded,enemies-within,21,aif:2a95f50ca5,aif,2026-09-16,text,yes,,"«Пенсии достаточно». Адвокат Бенхин рассказал, как Гвердцители погасить долг","…делать выводы. Как рано говорить и о возможном включении её в реестры [[иноагентов]]. Она, кстати, гражданка РФ с 2000 года, и, поскольку ей 64 года, и она…"
2,superseded,enemies-within,22,gazeta:cbbf8d67c0,gazeta,2026-09-18,headline,yes,,«Выстрел в сердце культуры»: режиссера Звягинцева признали иноагентом,«Выстрел в сердце культуры»: режиссера Звягинцева признали [[иноагентом]]
2,superseded,enemies-within,23,tsargrad:5ccad37b9e,tsargrad,2026-09-24,text,no,label: 'Минюст России внёс … в реестр',"Призрак ""Сенежа"" бродит по Европе: Невидимая рука превращает в пепел снаряды НАТО для ВСУ",…ти самого европейского ВПК – покажет лишь время. * Минюст России внес немецкую телекомпанию Deutsche Welle в реестр СМИ-[[иноагентов]].
2,superseded,enemies-within,24,aif:b866c74eef,aif,2026-09-11,text,no,label: 'признан Минюстом России иностранным агентом',Пугачева впервые прилетела в Турцию,"… ноги. Напомним, спустя восемь месяцев после СВО Пугачева и Галкин уехали с детьми в Израиль. * Признан Минюстом России [[иностранным агентом]]."
2,superseded,enemies-within,25,tsargrad:a34b012eb7,tsargrad,2026-09-06,text,yes,,"Потеть и мёрзнуть: Считаем, сколько платит Европа за месть России","…Позволить себе питаться в кафе и ресторанах, по словам покинувших Россию [[релокантов]], могут себе позволить только люди с достатком выше среднего. Наши…"
2,yes,blame-for-war,1,kp:901918e1bc,kp,2026-09-09,text,yes,,МИД: Россия изложила Турции свои подходы к урегулированию украинского кризиса,"…Москвы к урегулированию украинского кризиса посредством устранения его [[первопричин]]», - сообщили в ведомстве. Россия также донесла до Анкары оценки деструктивный…"
2,yes,blame-for-war,2,gazeta:7cd72bd0d1,gazeta,2026-09-17,text,yes,,«Иллюзия давления». Как «адские санкции» США против России повлияют на переговоры по Украине?,"…полномочий, пока это еще можно сделать. «Трамп оказался человеком [[недоговороспособным]], и это одна из главных причин, почему сегодня администрация очень близка к…"
2,yes,blame-for-war,3,lenta:658f1672a6,lenta,2026-09-18,lead,yes,,В МИД напомнили об условиях завершения конфликта на Украине,"Россия по-прежнему стремится к тому, чтобы искоренить [[первопричины]] конфликта на Украине, посыл Москвы в контексте спецоперации остается неизменным. На это указал замг…"
2,yes,blame-for-war,4,ria:e58183cfc2,ria,2026-09-06,text,yes,,"США работают над формированием ""мирного пакета"" по Украине, заявил Кушнер","…и Кушнером. Российский лидер подчеркнул на ней необходимость устранения всех [[первопричин]] украинского конфликта, сообщил журналистам помощник президента России Юрий…"
2,yes,blame-for-war,5,ria:1cf413c1f3,ria,2026-09-24,text,yes,,Полянский: Россия не получала предложений по урегулированию на Украине,"…долгосрочному урегулированию конфликта на Украине, которые бы устраняли его [[первопричины]], заявил постоянный представитель России при ОБСЕ Дмитрий Полянский.…"
2,yes,blame-for-war,6,rt-ru:270c2aad2c,rt-ru,2026-09-24,text,yes,,Полянский: Россия не получала от Запада предложений по урегулированию на Украине,"…что речь идёт о предложениях, которые содержали бы конкретику и устраняли [[первопричины]] украинского кризиса. «Констатируем, что никаких конкретных предложений… нам…"
2,yes,blame-for-war,7,life:31c528ae65,life,2026-09-15,text,yes,,«Нам есть что сказать»: Лавров заявил о готовности Москвы к переговорам с Киевом,"…внешнеполитического ведомства. Лавров отметил, что Москва не [[отказывалась от переговорного]] процесса и, по его словам, не выступала инициатором прекращения…"
2,yes,blame-for-war,8,gazeta:9c59f7f557,gazeta,2026-09-17,text,yes,,«Уровень девочки-подростка»: в Госдуме оценили совет Джонсона «отпустить» Украину,"…и гуру для Зеленского, который послушал такого «мудреца» и разорвал [[Стамбульские соглашения]], практически достигнутые и подписанные. То есть уровень развития…"
2,yes,blame-for-war,9,kp:872d734c11,kp,2026-09-12,text,yes,,Песков: Россия донесла свою позицию до мира по западным контингентам на Украине,"…представитель Кремля заявлял, что для завершения СВО нужно ликвидировать все [[первопричины]] конфликта. Как он уточнил, для Москвы это является одним из главных…"
2,yes,blame-for-war,10,inosmi:2398d95341,inosmi,2026-09-07,text,yes,,"Зеленскому придется принять план Трампа. Иначе поддержка прекратится (NetEase, Китай)","…целей. Была в очередной раз подчеркнута необходимость устранения всех [[первопричин]] конфликта. Другими словами, важно разрешить фундаментальные проблемы —…"
2,yes,blame-for-war,11,aif:4435516a97,aif,2026-09-25,text,yes,,В Кремле ответили на вопрос о трехсторонних переговорах по Украине,"…руководство регулярно указывает на то, что Москва стремится к устранению [[первопричин]] конфликта и достижению долгосрочной стабильности, а не к временным паузам в…"
2,yes,blame-for-war,12,aif:a940ca9bb5,aif,2026-09-08,headline,yes,,Подставил под камерами: Зеленский сорвал переговоры с Кушнером и Уиткоффом,Подставил под камерами: Зеленский [[сорвал переговоры]] с Кушнером и Уиткоффом
2,yes,blame-for-war,13,ria:d8dfab464c,ria,2026-09-09,text,yes,,"Песков: американская делегация не передавала в Кремль ""настроения"" из Киева","…на которой российский лидер подчеркнул необходимость устранения всех [[первопричин]] украинского конфликта. МОСКВА, 9 сен - РИА Новости. Американские переговорщики…"
2,yes,blame-for-war,14,rg:46c575912f,rg,2026-09-12,text,yes,,"""Страна.ua"": После визита переговорщиков в Киев Зеленский поехал к врагам Трампа",…около трех часов. Российский лидер подчеркнул необходимость устранения всех [[первопричин]] конфликта. На следующий день американские переговорщики прибыли в Киев.…
2,yes,blame-for-war,15,ria:22509285e3,ria,2026-09-08,text,yes,,В ЕС возмутились выходкой Зеленского на встрече с Уиткоффом,"…странно. Было ощущение, будто Зеленский устроил какую-то комедию, чтобы [[сорвать переговоры]]. Такое у меня сложилось впечатление"", — сказал он. По словам эксперта,…"
2,yes,blame-for-war,16,gazeta:4bf8255d42,gazeta,2026-09-06,text,yes,,Европейские советники поспешили на Украину перед приездом Уиткоффа,"…в зоне специальной военной операции и подчеркнул необходимость устранения [[первопричин]] конфликта. Ранее в России предположили, какие предложения привезут Уиткофф и…"
2,yes,blame-for-war,17,lenta:383c3dc37d,lenta,2026-09-16,text,yes,,В МИД раскрыли детали разговора Путина с партнерами на тему Украины,"…о том, удастся ли найти способы «сдвинуть в мирном направлении европейскую [[партию войны]]». «Перспектива политико-дипломатического решения на сегодня, на мой взгляд,…"
2,yes,blame-for-war,18,tsargrad:ced1bbea46,tsargrad,2026-09-06,text,yes,,"Главное за ночь и утро 6 сентября: массированная атака ВСУ, переговоры с Уиткоффом и Кушнером, Путин приказал три дня не бить по Киеву","…и доверительной. А Владимир Путин напомнил о необходимости устранения [[первопричин]] конфликта и дал чёткую оценку ситуации в зоне СВО, упоминая продвижение армии…"
2,yes,blame-for-war,19,tsargrad:528f2a81ae,tsargrad,2026-09-20,text,yes,,"Что нужно для ""истерики на Украине""? Всего лишь один пышный приём Путина",…которой споры и конфликты следует урегулировать миром через устранение [[первопричин]]. В документе также осуждаются экономические санкции и декларируется намерение…
2,yes,blame-for-war,20,lenta:1d19740aeb,lenta,2026-09-08,text,yes,,В России высказались об участии европейских стран в переговорах в Киеве,"…борьбы до последнего украинца, и в первую очередь Лондон помешал [[стамбульским договоренностям]] в 2022 году. Это вот эти три страны, которые стали давить на…"
2,yes,blame-for-war,21,ria:25cf1f0b66,ria,2026-09-10,text,yes,,"""Капитуляция"". В Раде забили тревогу из-за встречи Зеленского с Уиткоффом",…трех часов. Российский лидер подчеркнул на ней необходимость устранения всех [[первопричин]] конфликта. На следующий день американские переговорщики прибыли в Киев на…
2,yes,blame-for-war,22,ria:5fde4a413f,ria,2026-09-11,text,yes,,"У Трампа свое видение и свои отношения с Путиным, заявил Песков","…вопрос, удастся ли кому-нибудь убедить Трампа не встречаться с Путиным и [[сорвать переговоры]]. При этом пресс-секретарь российского лидера отметил, что пока никаких…"
2,yes,blame-for-war,23,rt-ru:143f744f04,rt-ru,2026-09-06,text,no,"the Baltic states refuse talks on Russian speakers' rights, not on peace","Ямпольская: русский язык вернёт законное место в странах, где ему объявили войну","…МИД Мария Захарова ранее сообщала, что Латвия, Литва и Эстония [[отказываются от переговоров]] по жалобе России на ущемление прав русскоязычных. Пресс-секретарь…"
2,yes,blame-for-war,24,tsargrad:1aaa0932fa,tsargrad,2026-09-16,text,yes,,Важнейшее заявление Зеленского. Это конец?,"…Напомним, что Москва не собирает идти на такой шаг после провала [[стамбульских договорённостей]]. СВО будет продолжена до подписания полноценного мирного договора на…"
2,yes,blame-for-war,25,ukraina:9c2695bd4a,ukraina,2026-09-25,text,yes,,"Украинский посол рассказал о реакции Польши на новых ""героев в пантеоне""","…- сказал российский министр. Лавров также отметил, что для России устранение [[первопричин]], угроз, защита прав русских людей, их права на родной язык, на православную…"
2,yes,stolen-aid,1,rt:9748915719,rt,2026-09-02,text,yes,,Fico ridicules Kiev’s demands for more money after €90bn EU loan,"…EU of being linked through “unified corruption chains,” claiming that part of the money sent to Kiev is [[embezzled]] and ultimately flows back to its foreign supporters."
2,yes,stolen-aid,2,inosmi:4280b3627c,inosmi,2026-09-05,text,yes,,"""Самая темная фигура"". Многие коррупционные скандалы ведут к Зеленскому (Shūkan Gendai, Япония)",…Однако такая политика длится уже четыре с половиной года – и приводит лишь к [[разворовыванию]] налоговых средств граждан своих же стран и к разрушению Украины. Люди…
2,yes,stolen-aid,3,ukraina:1390a15b85,ukraina,2026-09-25,text,yes,,"Реформы и обман: деньги Украине для войны с Россией из ""пакета Качки-Кос""","…все его шалости: и сворачивание демократии на Украине, и коррупцию, и [[разворовывание]] помощи, и перепродажу оружия на сторону. Более того, очень похоже, что и…"
2,yes,stolen-aid,4,tass-en:d590dc6310,tass-en,2026-09-23,headline,yes,,West turned Ukraine into hub for global black market in weapons — diplomat,West turned Ukraine into hub for global [[black market]] in weapons — diplomat
2,yes,stolen-aid,5,kp:ece7c7a3f3,kp,2026-09-10,lead,yes,,"На Украине открыто признались, что воруют деньги Запада: ЕС все понимает, но пробивает грань абсурда","Нардеп Микиша заявил, что на Украине [[разворовывают]] немалую часть денег Запада"
2,yes,stolen-aid,6,ukraina:5b34e2abe0,ukraina,2026-09-13,text,yes,,"""Крепитесь, Запад вам поможет!"" Зеленский от Бандеры до Бендера","…а еще страна выделяет гранты ""на восстановление"". Это то самое, что легко [[разворовывается]] на Украине. Вчера разбомбили, сегодня отремонтировали, а завтра опять…"
2,yes,stolen-aid,7,inosmi:8454c5ec17,inosmi,2026-09-23,text,yes,,Украина совершает самоубийство. Есть пять веских доказательств,"…Практически каждый, кто читает газеты каждый день, знает, что уровень [[коррупции на Украине]] чрезвычайно высок. И вся эта западная помощь — помните, я говорил о сумме…"
2,yes,stolen-aid,8,tsargrad:5fdb9e1b90,tsargrad,2026-09-11,text,yes,,"""Не стоит ожидать ничего щедрого"": Мендель рассказала о реакции Европы на пропажу $27 млрд в Киеве","…все военные нужды страны. В Европе уверены, что эти средства просто были [[разворованы]] людьми из окружения Зеленского. Review News/Shutterstock Масло в огонь подлил…"
2,yes,stolen-aid,9,aif:b778438177,aif,2026-09-01,text,no,a 'black market' in severed heads,Связали и обезглавили: раскрыты детали жуткого убийства военного,"…варварские обычаи: отрезанные головы боевиков становятся товаром на [[чёрном рынке]]. Об этом в эксклюзивном комментарии aif.ru рассказал военный эксперт,…"
2,yes,stolen-aid,10,tass-en:d8da6b6f32,tass-en,2026-09-05,text,yes,,Shootout in Kiev between special services testifies to Ukraine's looming collapse — expert,"…an isolated problem. These security agencies, which are supposed to prevent [[embezzlement]] by Vladimir Zelensky, have begun dividing up what remains of Ukraine, just as…"
2,yes,stolen-aid,11,tsargrad:ffc768e3d1,tsargrad,2026-09-03,text,no,Russian election debates,"Дебаты всё показали. Выборы, как плохой каламбур. А России точно это нужно?","…кандидат не заявляет никакой политической повестки. Это всё выглядит банально [[распилом денег]], потому что никакой политической повестки никто не заявляет. С одной…"
2,yes,stolen-aid,12,pnp:9f424038dd,pnp,2026-09-14,headline,yes,,ФСБ: Около 60 тысяч единиц оружия могло попасть на черный рынок с Украины,ФСБ: Около 60 тысяч единиц оружия могло попасть на [[черный рынок]] с Украины
2,yes,stolen-aid,13,vesti:b71c6e792e,vesti,2026-09-16,text,yes,,"""Денежные инъекции"": эксперт заявил, что Киев давно ""загнулся"" бы без дотаций ЕС","…техники. По словам эксперта, поступающие на Украину деньги так или иначе [[разворовываются]] – часть финансирования перетекает в карманы тех, кто контролирует различные…"
2,yes,stolen-aid,14,iz:ab1c4ff9c0,iz,2026-09-25,text,yes,,Кремль фиксирует передачу лицензий и оружия Киеву разными странами,"…в Вене Юлия Жданова за два дня до этого обвинила Запад в незаконной подпитке [[черного рынка]] оружия на Украине. По ее словам, в прошлом году оборот таких товаров…"
2,yes,stolen-aid,15,ria:54e57c4444,ria,2026-09-05,text,yes,,Военнослужащий ВСУ призвал украинцев выйти на протест к офису Зеленского,"…вымирание… Состояние нашей армии отвратительное, средства не доходят, [[деньги распиливаются]] между собой. Нас воспринимают как террористическое государство. Позор!"", –…"
2,yes,stolen-aid,16,tsargrad:1d248b0a24,tsargrad,2026-09-14,text,no,Russian Houses in Africa,Дело стоящее. Россия запустила гигантский проект. Иноагенты плачут,"…– при помощи открытия новых ""Русских домов"" кое-кто собирается [[распиливать бюджетные]] средства. Вторая – ""Русские дома"" в Африке не нужны никому. Якобы у…"
2,yes,stolen-aid,17,aif:a1eebed4de,aif,2026-09-10,headline,yes,,В Раде признали разворовывание значительной части помощи Запада,В Раде признали [[разворовывание]] значительной части помощи Запада
2,yes,stolen-aid,18,kp:b428a89cd1,kp,2026-09-11,text,no,Sweden: the opposite claim,Politico: Швеция заявила о якобы угрозе предстоящим выборам в ЕС со стороны РФ,"…дальнейших поставок денег и оружия Киеву, распространяя ложные сведения о [[коррупции на Украине]]. При этом Хьорт не считает, что Москва целенаправленно вмешивается в…"
2,yes,stolen-aid,19,lenta:b0e096d032,lenta,2026-09-09,text,no,a legal resale scheme for US weapons,Раскрыты возможные шаги США к миру на Украине,"…американского коллегу впредь не создавать условия для того, чтобы европейцы [[перепродавали оружие]] США Вооруженным силам Украины, полагает политолог. Кроме того, по…"
2,yes,stolen-aid,20,life:eca1791e62,life,2026-09-23,headline,yes,,Российская делегация заявила о превращении Украины в центр чёрного рынка оружия,Российская делегация заявила о превращении Украины в центр [[чёрного рынка]] оружия
2,yes,stolen-aid,21,aif:a5a0c00c3f,aif,2026-09-07,text,yes,,"«Поставить РФ на колени». На Западе нашли, чем объяснить провал Зеленского","…фронте. Мол, всего можно было достичь, но хорошего оружия нет, потому что все [[разворовано]]. При этом надо понимать, что, хоть на Украине и воруют, главный коррупционер…"
2,yes,stolen-aid,22,iz:563d27bc26,iz,2026-09-23,text,yes,,Киевский торг: Трамп и Зеленский заявили о желании договориться с Россией,"…его текущий подход к конфликту. Почему европейцы не реагируют на [[коррупцию на Украине]] Европейцев, судя по всему, не смущает, как и на что тратятся их деньги,…"
2,yes,stolen-aid,23,ukraina:bca4a5049f,ukraina,2026-09-18,headline,yes,,"Распродавали имущество ВСУ: на Украине отчитались за спецоперацию против ""чёрного рынка"" оружия","Распродавали имущество ВСУ: на Украине отчитались за спецоперацию против ""[[чёрного рынка]]"" оружия"
2,yes,stolen-aid,24,kp:53a0498f69,kp,2026-09-15,text,yes,,"Новости СВО на Украине и боевая сводка на сегодня, 15 сентября 2026 года",…Поляки чуть не сбили украинский МиГ 7. Западное оружия из Украины хлынет на [[черный рынок]] 8. Беженцы из Украины в ФРГ расслабляются Далее - данные Минобороны о…
2,yes,stolen-aid,25,iz:9a9d138194,iz,2026-09-01,text,no,a black market in organs (another claim),Захарова заявила о небывалых масштабах черной трансплантологии на Украине,"…что в отчетах генпрокуратуры Украины заявлялось о ликвидации масштабного [[черного рынка]] по изъятию и продаже человеческих органов в Черновцах. Как заметила дипломат,…"
3,yes,enemies-within,1,mk:939570d228,mk,2026-09-01,headline,yes,the epithet in a headline,Иноагент Моргенштерн* назвал иноагенту Дудю** условие возвращения в Россию,[[Иноагент]] Моргенштерн* назвал иноагенту Дудю** условие возвращения в Россию
3,yes,enemies-within,2,vesti:82e3063a19,vesti,2026-09-07,headline,yes,,В РФ призвали изымать имущество иноагентов на нужды СВО,В РФ призвали изымать имущество [[иноагентов]] на нужды СВО
3,yes,enemies-within,3,lenta:01031a6119,lenta,2026-09-23,lead,yes,a fine under the foreign-agent law,Уехавшую из России певицу оштрафовали,"Басманный районный суд Москвы оштрафовал певицу Монеточку (настоящее имя — Елизавета Гырдымова, внесена Минюстом РФ в список иноагентов) за нарушения порядка деятельности [[иностранного агента]]. Информация об этом опубликована в официальном…"
3,yes,enemies-within,4,rt-ru:4c0184d8a2,rt-ru,2026-09-18,lead,yes,news of a designation,Режиссёр Андрей Звягинцев признан иноагентом,Минюст России признал режиссёра Андрея Звягинцева* [[иностранным агентом]].
3,yes,enemies-within,5,tsargrad:9960257b04,tsargrad,2026-09-10,text,yes,"'релоканты', derisively","""Языковые патрули"" перепрошивают русских в СНГ: Готовится новая армия. Украина – только начало","…трубопроводного консорциума, который кормит его же страну. Даже наших [[релокантов]], давших дёру в сентябре 2022 года, Кузаиров не пускал в общепит, выкрикивая…"
3,yes,enemies-within,6,gazeta:fc65400f1a,gazeta,2026-09-24,text,no,a neutral mention,В России проиндексируют единое пособие,"…была в отпуске в 2024 году, то она может заменить его на 2023 год, уточнили в фонде. Ранее Мишустин установил гуманитарное пособие родственникам осужденных [[релокантов]]."
3,yes,enemies-within,7,aif:a3fb953916,aif,2026-09-11,headline,yes,news of a designation,Экс-знатока «Что? Где? Когда?» Мереминскую признали иностранным агентом,Экс-знатока «Что? Где? Когда?» Мереминскую признали [[иностранным агентом]]
3,yes,enemies-within,8,tsargrad:804066e822,tsargrad,2026-09-21,headline,no,China 'betrayed Russia': not an enemy within,Главное к вечеру 21 сентября. В США потребовали срочно остановить ВСУ. Перехвачены переговоры Суровикина. Китай предал Россию и идёт в ЕС?,Главное к вечеру 21 сентября. В США потребовали срочно остановить ВСУ. Перехвачены переговоры Суровикина. Китай [[предал Россию]] и идёт в ЕС?
3,yes,enemies-within,9,pnp:35ad674ad5,pnp,2026-09-25,lead,yes,news of a designation,Проект «Ходорковский LIVE»* признан иноагентом,Минюст России включил в перечень [[иностранных агентов]] интернет-проект «Ходорковский LIVE»*. Об этом сообщается на сайте ведомства 25 сентября.
3,yes,enemies-within,10,vesti:ac74ddc48f,vesti,2026-09-20,text,yes,foreign agents as tools of influence on the election,"В ГД рассказали, сколько зафиксировали попыток повлиять на выборы в регионах РФ","…были попытки оказать влияние на общественное мнение с помощью объявленных [[иноагентами]] лиц и ""так называемых СМИ в изгнании"". Ранее глава ЦИК РФ Элла Памфилова…"
3,yes,enemies-within,11,mk:6d12f154e3,mk,2026-09-02,headline,yes,a criminal case under the foreign-agent law,На журналистку «Дождя»* Котрикадзе** завели дело об уклонении обязанностей иноагента,На журналистку «Дождя»* Котрикадзе** завели дело об уклонении обязанностей [[иноагента]]
3,yes,enemies-within,12,life:45f238e622,life,2026-09-01,text,yes,"a fine under the foreign-agent law, as background in gossip","Моргенштерн* признался, что ищет девушку-еврейку через WhatsApp",…Моргенштерна* на 40 тысяч рублей за нарушение порядка деятельности [[иностранного агента]]. Это уже третий административный протокол в отношении артиста по этой…
3,yes,enemies-within,13,tsargrad:8566c7bab6,tsargrad,2026-09-25,text,yes,a criminal case under the foreign-agent law,"Хазин произнёс опасное слово. Это последний стратег ""семьи"". Агенты Лондона до сих пор в Москве",…Москвы требует возбудить уголовное дело об уклонении от обязанностей [[иноагента]] в отношении бывшего премьер-министра России Михаила Касьянова*. На самом деле…
3,yes,enemies-within,14,vesti:666e612ab8,vesti,2026-09-22,lead,no,label: '(СМИ-иноагент и нежелательная организация в РФ)',"Митрополит Иларион подал иск о защите чести и достоинства к телеканалу ""Дождь""","Митрополит Иларион (Григорий Алфеев) подал в Останкинский районный суд Москвы иск к телеканалу ""Дождь"" (СМИ-[[иноагент]] и нежелательная организация в РФ) о защите чести, достоинства и деловой репутации."
3,yes,enemies-within,15,vesti:9bf15bbe62,vesti,2026-09-16,headline,yes,'undesirable organisations' paying a traitor,Осужденный за госизмену Зюзев получил 2 млн евро от нежелательных организаций,Осужденный за госизмену Зюзев получил 2 млн евро от [[нежелательных организаций]]
3,yes,enemies-within,16,tsargrad:a0943aea83,tsargrad,2026-09-23,headline,yes,the epithet in a headline,Иноагент Шпак* призывал к «показательным убийствам» военных,[[Иноагент]] Шпак* призывал к «показательным убийствам» военных
3,yes,enemies-within,17,rt-ru:d15567b424,rt-ru,2026-09-11,headline,yes,news of a designation,Минюст России включил в список иноагентов Екатерину Мереминскую,Минюст России включил в список [[иноагентов]] Екатерину Мереминскую
3,yes,enemies-within,18,lenta:6dc3e3d5d9,lenta,2026-09-11,headline,no,a removal from the register,Маэстро Понасенков отреагировал на исключение из реестра иноагентов,Маэстро Понасенков отреагировал на исключение из реестра [[иноагентов]]
3,yes,enemies-within,19,mk:4f407e2296,mk,2026-09-23,lead,yes,a journalist branded a terrorist and foreign agent,Росфинмониторинг внёс Юрия Дудя* в перечень террористов и экстремистов,Росфинмониторинг внёс журналиста Юрия Дудя в перечень террористов и экстремистов. Об этом сообщили в пресс-службе ведомства. Ранее суд признал его [[иностранным агентом]].
3,yes,enemies-within,20,lenta:6e27dc2530,lenta,2026-09-12,headline,yes,the epithet in a headline,В России объявили в розыск блогера-иноагента,В России объявили в розыск блогера-[[иноагента]]
3,yes,enemies-within,21,vesti:19b735f404,vesti,2026-09-09,text,no,"the word explained, neutrally","Захарова рассказала, как МИД относится к штурмовавшим Верхний Ларс россиянам","…Верхний Ларс образовались очереди. Уехавших из России стали называть словом ""[[релоканты]]"". Премьер-министр России Михаил Мишустин 31 августа 2026 года подписал…"
3,yes,enemies-within,22,rt-ru:9cfe9a543a,rt-ru,2026-09-03,text,yes,"the epithet in running text, in a story about something else",Актёр Никита Джигурда подал иск на 500 тысяч рублей из-за фигур на маркетплейсах,…сказал Воронов. Ранее стало известно об объявлении МВД России в розыск актёра-[[иноагента]] Семёна Трескунова* по уголовной статье. * Включён в реестр иностранных агентов…
3,yes,enemies-within,23,aif:d2d374e6ce,aif,2026-09-11,headline,no,a removal from the register,Блогера Понасенкова исключили из реестра иноагентов,Блогера Понасенкова исключили из реестра [[иноагентов]]
3,yes,enemies-within,24,gazeta:f25907a010,gazeta,2026-09-11,headline,yes,news of a designation,Минюст РФ внес в реестр иноагентов экс-знатока «Что? Где? Когда?»,Минюст РФ внес в реестр [[иноагентов]] экс-знатока «Что? Где? Когда?»
3,yes,enemies-within,25,lenta:99d807f927,lenta,2026-09-24,text,yes,foreign agents as actors of an information war,В России высказались про слухи о мобилизации после выборов в Госдуму,"…с «Лентой.ру». Это была часть информационной войны. Пытаются сейчас на сайтах [[иноагентов]], зарубежных сайтах эту тему все равно как-то раскрутить, но это такая…"
3,yes,western-fakes,1,kp:ebef9034d8,kp,2026-09-24,text,no,"a domestic rumour, debunked",В Кемеровской области опровергли сообщения об отмене льгот для детей с онкологией,"…фактов и официальные разъяснения ведомств показали, что в сети распространяется [[фейк]]. «Комсомольская правда» разбиралась, что на самом деле происходит с выплатами для…"
3,yes,western-fakes,2,rt-ru:1d3b9fd618,rt-ru,2026-09-01,lead,yes,Putin: an 'information attack' on Russia,Путин назвал «чушью собачей» слухи о мобилизации в России,Президент России Владимир Путин назвал «чушью собачей» и [[информационной атакой]] на Россию утверждения о якобы готовящейся мобилизации.
3,yes,western-fakes,3,ria:8c5c717ec4,ria,2026-09-11,text,no,"unconfirmed reports on North Korea, not dismissed",У товарища Ким Чен Ына появились новые атомные козыри,"…подобного не признавали и эти данные циркулируют строго в виде информационных [[вбросов]]. Корейские центрифуги теперь данность, то есть Пхеньян и далее сможет пополнять…"
3,yes,western-fakes,4,iz:1fb897e123,iz,2026-09-22,text,no,Trump's 'fake news',Белый дом запустил трансляцию TRUMP TV на фоне бойкота со стороны СМИ,"…его администрации. Он предупредил, что «другие СМИ, распространяющие [[фейковые]] новости», также могут быть вскоре запрещены. Агентство Bloomberg 21 сентября…"
3,yes,western-fakes,5,mk:515ac4876a,mk,2026-09-13,text,no,Kyiv accuses others of disinformation (the opposite claim),Зеленский ввел санкции против своего экс-пресс-секретаря,"…десять граждан России и Украины, которых Киев обвиняет в распространении [[дезинформации]] против Украины. Помимо Мендель, в перечень включены 20 морских судов…"
3,yes,western-fakes,6,rt-ru:8054e61cdb,rt-ru,2026-09-18,text,yes,Pamfilova on 'fakes' about the vote,Памфилова заявила о поступающих угрозах семьям и детям членов ЦИК,"…которое они заслуживают, — оно будет неизбежно», — заключила председатель ЦИК. Памфилова также предупредила о распространяющих [[фейки]] о голосовании каналах в Telegram."
3,yes,western-fakes,7,rg:c826822532,rg,2026-09-17,text,no,a museum on the Crimean War's information war,В Севастополе закроют музей на Малаховом кургане из-за протекающей крыши,"…изображения осажденного города. Еще одна часть экспозиции рассказывает об [[информационной войне]], развернувшейся в середине XIX века между Россией, Великобританией и…"
3,yes,western-fakes,8,rt-ru:e2bbd32de5,rt-ru,2026-09-09,text,yes,'fake' exit polls by 'extremists and foreign agents',Посольство: Россия рассчитывает на меры в Эстонии для безопасности выборов в ГД,"…РИА Новости. Ранее в Госдуме заявили, что экстремистские организации и иноагенты собираются проводить [[фейковые]] экзитполы у зданий российских посольств 20 сентября."
3,yes,western-fakes,9,ria:ebc1a1063f,ria,2026-09-22,text,yes,Lavrov at the forum 'Dialogue about Fakes',"Германия игнорирует запросы России об анализах Навального*, заявил Лавров","…глава МИД РФ Сергей Лавров. На открытии IV международного форума ""Диалог о [[фейках]]"" Лавров напомнил, что когда в 2020 году Навальный* заболел, Россия сделала все,…"
3,yes,western-fakes,10,gazeta:6e3f0728fa,gazeta,2026-09-10,text,yes,Putin: an 'information attack' on Russia,Медведев: никакой необходимости в мобилизации нет,"…беспилотных систем, с января по июнь более 16 тысяч россиян отправились добровольцами. Ранее Путин заявил, что слухи о мобилизации в РФ являются [[информационной атакой]]."
3,yes,western-fakes,11,rt-ru:872578cc5b,rt-ru,2026-09-22,lead,no,gossip,«Мы больше не вместе»: Стас Михайлов расстаётся с женой после 20 лет отношений,"Народный артист России певец Стас Михайлов расстался с женой Инной после почти 20 лет отношений и 15 лет брака. 21 сентября супруга певца сообщила о разрыве, назвав мужа «человеком-[[фейком]]» и дав понять, что больше не имеет к нему никакого…"
3,yes,western-fakes,12,aif:547bdcbe75,aif,2026-09-22,text,yes,Zelensky's statements as planted claims,Зеленский в страхе: по Украине ударили откуда не ждали,"…Зеленского», — заявил эксперт. По мнению Перенджиева, истинная цель таких [[вбросов]] — не остановить кровопролитие или защитить инфраструктуру, а извлечь финансовую…"
3,yes,western-fakes,13,vesti:9450b3abd3,vesti,2026-09-03,text,yes,prosecution for 'fakes' about the army,Суд избрал меру пресечения Лидии Мониаве,…действий сроком до 30 октября 2026 года в отношении Мониавы Лидии Игоревны Мониаву обвиняют в распространении [[фейков]] о российской армии. Она не признала свою вину.
3,yes,western-fakes,14,rg:b16e8b0a46,rg,2026-09-23,headline,yes,prosecution for 'fakes' about the army,Жителя Ульяновска будут судить за фейки об армии и оправдание терроризма,Жителя Ульяновска будут судить за [[фейки]] об армии и оправдание терроризма
3,yes,western-fakes,15,lenta:395a628387,lenta,2026-09-14,text,no,the Rada calls a Ukrainian report fake,Назван кандидат на замену уволенному генпрокурору Украины,"…Кравченко против глав НАБУ и САП. В Верховной Раде сочли появившуюся информацию [[фейком]]. «Инфа о Гетманцеве на должность Генпрокурора — это вброс и бред», — так…"
3,yes,western-fakes,16,ria:996d0e52a4,ria,2026-09-11,text,no,Trump's 'fake media',На съезде Республиканской партии Трампа назвали Божьим посланником,"…что Богу был нужен человек, готовый ""войти в логово гадюк"" и противостоять ""[[фейковым]] СМИ"", чьи ""языки остры, как у змей"". Трамп при этом представлен как ""пастырь…"
3,yes,western-fakes,17,kp:d9698be7a5,kp,2026-09-18,text,yes,the Foreign Ministry on disinformation around the election,МИД России сообщил о провокациях на выборах депутатов Госдумы,"…отметила, что в информационном пространстве распространяется большой объем [[дезинформации]], направленной на попытки повлиять на ход голосования. Аналогичные действия…"
3,yes,western-fakes,18,kp:131b639c7d,kp,2026-09-21,headline,no,"a domestic rumour, debunked",Частным агентствам будут платить деньги за ловлю мужчин и отправку на СВО? В Тамбовской области разоблачили новый фейк,Частным агентствам будут платить деньги за ловлю мужчин и отправку на СВО? В Тамбовской области разоблачили новый [[фейк]]
3,yes,western-fakes,19,tsargrad:6d66d8c389,tsargrad,2026-09-15,headline,no,a list of annoying words,"""Кринж"", ""фейк"" и ""краш"": составлен список самых раздражающих слов","""Кринж"", ""[[фейк]]"" и ""краш"": составлен список самых раздражающих слов"
3,yes,western-fakes,20,rg:bd0b338909,rg,2026-09-09,text,yes,'information attacks' on Russia's banks,Замминистра финансов Алексей Моисеев: Золото - идеальный актив для сбережений,"…на многочисленные международные финансовые кризисы и различные [[информационные атаки]] на российскую банковскую систему, уровень доверия граждан к ней остается…"
3,yes,western-fakes,21,ria:83a8cce62f,ria,2026-09-15,text,yes,Zakharova: Kyiv's accusations are 'fake',"Захарова: если бы Киев заботился о детях, он не убивал бы их ударами БПЛА",…обвинения украинской стороны о поиске якобы «похищенных» Россией детей являются [[фейком]]. - Мария Захарова обвинила киевский режим в убийстве детей ударами…
3,yes,western-fakes,22,vesti:8f96360db9,vesti,2026-09-18,text,yes,Zakharova on disinformation around the election,Захарова: провокации в отношении российских избирательных участков уже есть,"…участки украинскими дронами, (в виде – прим. ред.) огромного потока [[дезинформации]], который запущен на этот счет, попыток повлиять различными способами (на ход…"
3,yes,western-fakes,23,ria:9611c9d3cf,ria,2026-09-03,lead,yes,prosecution for 'fakes' about the army,Суд продлил срок ареста блогеру Ремесло,"Басманный суд Москвы продлил срок ареста блогеру Илье Ремесло по делу о распространении [[фейков]] о ВС РФ, передает корреспондент РИА Новости из зала суда."
3,yes,western-fakes,24,rg:d0b29b3275,rg,2026-09-21,text,yes,the Russian threat as a 'fake',"Посыплются ""Орешники"": Диесен предрек Европе поражение в случае конфликта с РФ","…регулярно запугивают свое население мнимой угрозой со стороны Москвы для отвлечения внимания от внутренних проблем, но ""умные люди прекрасно понимают, что это [[фейк]]""."
3,yes,western-fakes,25,mk:fcee048f96,mk,2026-09-22,text,no,a fake car in a humorous story,К дате «всемирного дня без автомобиля» вспоминаем самый грустный юмористический рассказ о злоключениях автомобилистов,"…и слогана ударим «автопробегом по бездорожью и разгильдяйству». Но самопальный [[фейковый]] Lorraine-Dietrich, на котором компания авантюристов оказывается в авангарде…"
3,yes,russian-world,1,lenta:1896132b0a,lenta,2026-09-24,text,yes,,Лавров указал на лицемерие Секретариата ООН насчет Крыма и Донбасса,"…Лавров заявил, что Украина не имеет права представлять жителей Крыма и [[Новороссии]] в соответствии с Декларацией ООН о принципах международного права. Он также…"
3,yes,russian-world,2,tsargrad:46a499f32f,tsargrad,2026-09-16,text,yes,'Новороссия' as a matter of course (weather),Ожидается аномалия в зоне СВО. Изменить ничего нельзя,"…Температура может превышать климатическую норму на три-четыре градуса. Для [[Новороссии]] и Донбасса, где и без того мягкий климат, это означает одно: не зиму, а…"
3,yes,russian-world,3,tass-en:9319c1c545,tass-en,2026-09-18,headline,yes,,"Donbass, Novorossiya fully integrated into Russia’s election system — official","Donbass, [[Novorossiya]] fully integrated into Russia’s election system — official"
3,yes,russian-world,4,iz:a6ee34198c,iz,2026-09-24,lead,yes,,Лавров заявил о неспособности Киева представлять жителей Крыма и Донбасса,"Глава МИД России Сергей Лавров 23 сентября заявил, что киевские власти не могут представлять интересы жителей Крыма, Донбасса и [[Новороссии]]."
3,yes,russian-world,5,rg:2850f39d50,rg,2026-09-09,lead,yes,the Russkiy Mir Foundation as a sponsor: a close call,В Ставрополе стартовал образовательный проект для студентов и преподавателей Грузии,"В Северо-Кавказском федеральном университете (СКФУ) при поддержке Фонда ""[[Русский мир]]"" дан старт уникальному образовательному проекту ""Россия и Грузия: поэтика открытого диалога"". Ключевая цель программы заключается в объединении языков и…"
3,yes,russian-world,6,tsargrad:703ea6782f,tsargrad,2026-09-04,text,yes,,Стратегия непрямых действий: Готова ли Россия к победе,…Агитационный плакат 1920-х годов В рамках концепции защиты триединого [[Русского мира]] интеграция воспринимается российским патриотическим сообществом как…
3,yes,russian-world,7,ria:d2404c946a,ria,2026-09-17,text,yes,,Муфтий Гайнутдин призвал голосовать на выборах в Госдуму,"…на будущее страны, и подчеркнул важность участия в выборах жителей Донбасса и [[Новороссии]]. МОСКВА, 17 сен – РИА Новости. Глава Духовного управления мусульман Российской…"
3,yes,russian-world,8,tsargrad:9db102a81b,tsargrad,2026-09-25,text,yes,,"Машу Распутину освистали за ""русский Киев"". Её реакция - отдельное шоу","…частью России. Ты говоришь, что 40 лет искал славян. А Киев, между прочим, [[исконно русский город]]. Мать городов русских. Так что Украина, русские - это всё одно и то…"
3,yes,russian-world,9,tsargrad:2f42e4404b,tsargrad,2026-09-14,text,yes,,"Русские активистки говорили то же самое, что и Токаев. И были арестованы в Казахстане","…же западными стратегами. Но когда они поняли, что это лишь усиливает влияние [[Русского мира]] и русского языка, все эти рудименты гражданского общества успешно…"
3,yes,russian-world,10,gazeta:74f15af51c,gazeta,2026-09-15,text,yes,,Лавров рассказал об особом виде зарубежной агрессии в адрес России,"…попытки представить нелегитимным исторический выбор народов Крыма, Донбасса и [[Новороссии]], хотя он был сделан в полном соответствии с нормами международного права и…"
3,yes,russian-world,11,tsargrad:7ad196d0f8,tsargrad,2026-09-11,text,yes,,«Вернется в свои границы»: Стефанчук сделал дерзкое заявление относительно Украины,"…глава МИД России Сергей Лавров говорил, что народ Крыма, Донбасса и [[Новороссии]] выразил свою волю на референдумах. Поэтому Россия намерена окончательно…"
3,yes,russian-world,12,aif:926e054b6a,aif,2026-09-03,text,yes,,Кара настигла. «Валькирия Зеленского» предала Донбасс и сгинула бесславно,…высшее образование в Донецком национальном техническом университете. [[Русского мира]] изменница не приняла. После начала СВО она перебралась в Луцк со своей…
3,yes,russian-world,13,vesti:2eb49b2f3b,vesti,2026-09-17,text,yes,,"На выборах в Госдуму досрочно проголосовали более 11,5 тыс. жителей Камчатки","…дня основного голосования, 20 сентября. Выборы депутатов Госдумы девятого созыва пройдут 18-20 сентября. Впервые в них примут участие жители Донбасса и [[Новороссии]]."
3,yes,russian-world,14,ria:b5fd0cd07c,ria,2026-09-25,lead,yes,,Захарова: спецслужбы Украины угрожали жителям Донбасса из-за выборов,"Спецслужбы Украины публично угрожали жителям Донбасса и [[Новороссии]] уголовной ответственностью за участие в выборах в Госдуму РФ, заявила официальный…"
3,yes,russian-world,15,lenta:893bb32e02,lenta,2026-09-16,text,yes,,"Обращение Путина перед выборами 2026: что он сказал, цитаты, главное",…в установленные сроки и в строгом соответствии с законом. Жители Донбасса и [[Новороссии]] впервые после воссоединения с Россией будут выбирать депутатов Государственной…
3,yes,russian-world,16,tass-en:b96956d7cf,tass-en,2026-09-21,text,yes,,CIS observers report zero violations affecting results of State Duma election,"…from September 18 to 20. For the first time, residents of the Donbass and [[Novorossiya]] regions participated in the elections. Ten parties were included in the…"
3,yes,russian-world,17,lenta:05a4b3b34d,lenta,2026-09-07,text,yes,,"Удары ВС РФ по Украине 6-7 сентября: последствия, видео, подробности",…а также в контролируемых украинскими формированиями частях Донбасса и [[Новороссии]]. Уничтожены оказались грузовое отделение «Новой почты» в Заречном районе Сум и…
3,yes,russian-world,18,kp:95e86285ac,kp,2026-09-17,text,yes,,Председатель УИК в Запорожье Астанина погибла от целенаправленного удара дрона,"…всё возможное, чтобы сорвать, дискредитировать выборы в России. И особенно - в [[Новороссии]]. И готовы эти кровавые нацисты на всё. KP.RU следит за развитием событий"
3,yes,russian-world,19,ukraina:7430b7b56b,ukraina,2026-09-01,text,yes,'Новороссия' as a region's name in a programme listing,"Победы на фронте и на татами, доноры Донецка. 1 сентября, вечерний эфир","…Гость: Алексей Леонков –военный аналитик журнала ""Наша оборона"" * Тема дня [[Новороссии]]. Работа донецкого центра переливания крови и донорство. Гость: Павел Чуприна –…"
3,yes,russian-world,20,tass-en:8e337c0d47,tass-en,2026-09-23,text,yes,,"Quest for lasting peace, but no pauses in special operation — Lavrov’s remarks","…the rights of Russians and Russian speakers not only in Crimea, Donbass and [[Novorossiya]], but also on the territory of Ukraine."" In Ukraine, with the West’s approval,…"
3,yes,russian-world,21,tass-en:b2e6e29686,tass-en,2026-09-21,text,yes,,Infamous Ukrainian database Mirotvorets doxes two foreign observers at Russian elections,"…from September 18 to 20. For the first time, residents of the Donbass and [[Novorossiya]] regions participated in the elections. Ten parties were included in the…"
3,yes,russian-world,22,ria:d6dfb46f1a,ria,2026-09-10,text,yes,,Василий Анохин встретился в Москве с патриархом Кириллом,"…в этом году в третий раз проведем форум имени Татьяны Николаевны Щипковой ""[[Русский мир]] против нацизма"". Он объединяет ученых, преподавателей, представителей…"
3,yes,russian-world,23,rg:9fed0e4e8e,rg,2026-09-05,text,yes,,"Ипотека на дома и защита неба. Как Путин встретился с пятеркой лидеров списка ""Единой России""","…безопасности России и восстановления прав русских людей в Донбассе и [[Новороссии]]. Мэр Москвы Сергей Собянин отметил, что в России выстроена эффективная система…"
3,yes,russian-world,24,tsargrad:bc3b433d4f,tsargrad,2026-09-18,text,yes,,"Слова Овечкина исказили свои же: Как хоккеист внезапно ""перестал"" быть русским","…что чиновники выслуживаются перед неведомым руководством, стирая саму суть [[русского мира]]. Если русскость вымарывают даже из школьных экзаменов, то что мешает…"
3,yes,russian-world,25,vesti:906d1efeec,vesti,2026-09-02,text,yes,,Машков раскрыл абсолютную и видимую цель Путина,"…России, а одна из важных заслуг президента РФ - сохранение всего глобального [[русского мира]], который влиял и будет влиять на мировую экономику, культуру, науку. Ранее…"
3,yes,nuclear-threat,1,lenta:b8ffde9bf1,lenta,2026-09-25,text,yes,"Poseidon, the 'doomsday weapon'",Китай уличили в создании корабля-носителя для крупных подводных беспилотников,"…августе Military Watch Magazine заметил, что атомная подлодка «Хабаровск» — носитель торпед «[[Посейдон]]», известных как оружие «Судного дня» России, — вышла в море."
3,yes,nuclear-threat,2,tsargrad:f9deb7104a,tsargrad,2026-09-13,text,no,"Western fears of a Russian nuclear strike, retold as absurd (the opposite)",Не говори при гостях об СВО: Рассказ русской жены французского банкира,"…тем, что Россия готовит нападение на Прибалтику, собирается [[применить ядерное]] оружие против Европы, собирается их завоевать, поработить, – продолжает Ольга свой…"
3,yes,nuclear-threat,3,tsargrad:b21d05bbd6,tsargrad,2026-09-11,headline,yes,Oreshnik (an expert downplays it),"Эксперт: ""Орешник"" – не ""вундерваффе"", его не запускают просто так","Эксперт: ""[[Орешник]]"" – не ""вундерваффе"", его не запускают просто так"
3,yes,nuclear-threat,4,inosmi:70727366ac,inosmi,2026-09-15,text,yes,a nuclear strike on Poland,"Немцы посмеялись над Сикорским: Россия разгромит Польшу за несколько недель (Die Welt, Германия)","…разгромит Польшу за несколько недель. Самое позднее — когда будет [[применено ядерное]] оружие. Варшава легкомысленно ищет конфликта и поддается ""мании величия"", опираясь…"
3,yes,nuclear-threat,5,ria:5cdeea3b06,ria,2026-09-21,headline,yes,,"""Посыплются ""Орешники"". На Западе сделали мрачное предупреждение о России","""Посыплются ""[[Орешники]]"". На Западе сделали мрачное предупреждение о России"
3,yes,nuclear-threat,6,ukraina:4389b53915,ukraina,2026-09-04,text,yes,Russophobes 'ready for nuclear war',"""Крысу загнали в угол — там ее и надо прикончить"". Миронов о планах Киева и предупреждении Путина","…у русофобов, которые готовы ради ненависти к России уничтожить весь мир в [[ядерной войне]]. Во-вторых, мы довольно успешно решаем задачи СВО в текущих условиях. Да, в…"
3,yes,nuclear-threat,7,tsargrad:3f09d1ac68,tsargrad,2026-09-23,headline,yes,,"Следующий ""Орешник"" - по стране НАТО? Генерал Липовой предупредил. Хватит и неядерного удара","Следующий ""[[Орешник]]"" - по стране НАТО? Генерал Липовой предупредил. Хватит и неядерного удара"
3,yes,nuclear-threat,8,ukraina:d7eed03314,ukraina,2026-09-19,lead,no,bridges built to withstand a nuclear strike,"Не дроны и ракеты. Станислав Крапивник о том, в чем заключается главная сила союзников Украины","До сих пор большинство мостов через Днепр стоят неповреждёнными. Некоторые объясняют это тем, что эти сооружения были построены в СССР с расчетом на [[ядерный удар]]. Но это не значит, что их невозможно уничтожить, для этого лишь потребуется…"
3,yes,nuclear-threat,9,tsargrad:ef66427e0e,tsargrad,2026-09-08,headline,yes,Britain 'provokes' Russia to use nuclear weapons,Доктрина голого короля. Почему Англия провоцирует Россию применить ядерное оружие? План противника раскрыт,Доктрина голого короля. Почему Англия провоцирует Россию [[применить ядерное]] оружие? План противника раскрыт
3,yes,nuclear-threat,10,gazeta:4fd5d16f25,gazeta,2026-09-13,text,yes,a 'sudden' NATO nuclear strike (the mirror claim),В Британии призвали НАТО «перейти в наступление» в конфликте на Украине,…Радослав Сикорский призвал НАТО провести «агрессивные учения» возле Калининградской области. Ранее в России заявили о риске «внезапного» [[ядерного удара]] со стороны НАТО.
3,yes,nuclear-threat,11,ukraina:554c8c8ec4,ukraina,2026-09-15,text,yes,Western plans leading to nuclear war,Три пути в пропасть: Запад приготовил новые планы войны с Россией,"…допускают, что, если такие войны начнутся и сольются воедино, [[применение ядерного]] оружия становится реальной возможностью для обеих сторон. То есть возможен ядерный…"
3,yes,nuclear-threat,12,aif:8df9e19620,aif,2026-09-17,text,yes,Kallas 'wants nuclear war',"Грязные тайны, нечистые миллионы: озвучен новый компромат на Каю Каллас","…это не русские, а нынешняя глава евродипломатии, которая хочет втянуть ЕС в [[ядерную войну]]. «Госпожа Каллас, идите вы куда подальше!» — заявил ранее Блага. Ирландский…"
3,yes,nuclear-threat,13,tsargrad:3801f1c41f,tsargrad,2026-09-14,text,yes,,"""Будем бомбить Россию, а она будет молчать"": Польша - о быстрой победе над русскими","…что Россия располагает уникальными современными системами, такими как ""[[Орешник]]"" и ""Искандер"", а также самыми передовыми на сегодняшний день беспилотными…"
3,yes,nuclear-threat,14,life:1133da78b3,life,2026-09-01,text,yes,,В МИД РФ заявили о тревожной ситуации вокруг Калининграда,…нападение НАТО на Калининградскую область неизбежно приведёт к риску [[ядерного ответа]] со стороны России. Такое мнение высказал руководитель Бюро…
3,yes,nuclear-threat,15,tsargrad:c24be6b573,tsargrad,2026-09-23,headline,yes,,"""Посейдон"" - самое секретное оружие России. Кто был его прадедушкой?","""[[Посейдон]]"" - самое секретное оружие России. Кто был его прадедушкой?"
3,yes,nuclear-threat,16,lenta:a349e7c120,lenta,2026-09-23,headline,yes,,Удар «Орешником» по территории НАТО назвали необходимым шагом для России,Удар «[[Орешником]]» по территории НАТО назвали необходимым шагом для России
3,yes,nuclear-threat,17,lenta:1df13fb8e1,lenta,2026-09-11,text,yes,,"Атака БПЛА на Саратов, ракетный удар по Волгограду 11 сентября: пострадавшие, последствия, подробности",…пострадавших нет. В Госдуме заявили о приближении Украины к новому удару «[[Орешником]]» Член комитета Госдумы по обороне Андрей Колесник в беседе с «Лентой.ру»…
3,yes,nuclear-threat,18,tsargrad:b0e55e0fec,tsargrad,2026-09-03,headline,yes,,"Из Санкт-Петербурга в Калининград доставлен большой военный груз. Началось. ""Искандер"" или ""Орешник""?","Из Санкт-Петербурга в Калининград доставлен большой военный груз. Началось. ""Искандер"" или ""[[Орешник]]""?"
3,yes,nuclear-threat,19,tsargrad:c125b0d9c0,tsargrad,2026-09-11,headline,yes,Oreshnik (an expert downplays it),"«Орешник» — не «вундерваффе», значение имеет лишь готовность применять летальную силу: военный аналитик об ударе по Украине","«[[Орешник]]» — не «вундерваффе», значение имеет лишь готовность применять летальную силу: военный аналитик об ударе по Украине"
3,yes,nuclear-threat,20,tsargrad:3fb2130afe,tsargrad,2026-09-11,headline,yes,,"Украину ""поджарит""? Эксперт раскрыл вероятность удара ""Орешником"" по киевскому режиму","Украину ""поджарит""? Эксперт раскрыл вероятность удара ""[[Орешником]]"" по киевскому режиму"
3,yes,nuclear-threat,21,rt-ru:89ea248513,rt-ru,2026-09-02,text,no,China denies Finland's claim,Китай призвал к переговорам после угроз Зеленского в отношении авиации России,"…МИД Китая не подтвердил заявление президента Финляндии Александера Стубба, что Пекин якобы готов воздействовать на Россию по вопросу [[применения ядерного]] оружия."
3,yes,nuclear-threat,22,vesti:2c08ad4359,vesti,2026-09-25,headline,yes,,"Washington Examiner: США нечего противопоставить российскому ""Буревестнику""","Washington Examiner: США нечего противопоставить российскому ""[[Буревестнику]]"""
3,yes,nuclear-threat,23,iz:4190529775,iz,2026-09-23,text,yes,Oreshnik held back 'to spare civilians',В Госдуме призвали уничтожать заводы по выпуску оружия для ВСУ в третьих странах,"…целесообразности. Колесник также подчеркнул, что Россия не наносит удары «[[Орешником]]», поскольку бережет гражданское население Украины. По его мнению, украинская…"
3,yes,nuclear-threat,24,lenta:a3407b8c21,lenta,2026-09-21,headline,yes,,В Европе испугались сыплющихся на головы «Орешников»,В Европе испугались сыплющихся на головы «[[Орешников]]»
3,yes,nuclear-threat,25,ukraina:fb03829db4,ukraina,2026-09-21,text,yes,,"Ростислав Ищенко: Европа хочет усилить свои армии так, чтобы в случае войны с Россией свести дело к ничье","…упираются в одну проблему: ""Что вы будете делать, если Россия [[применит ядерное]] оружие"". - И по поводу США. Их министр ВВС заявил, что они разместили на орбите…"
